timestamp_utc,load_1m,load_5m,load_15m,mem_available_mib,mem_total_mib,server_rss_mib,name,uuid,driver_version,utilization_gpu,utilization_memory,memory_used,memory_total,power_draw,temperature_gpu,clocks_sm,gpu_error
2026-08-09T02:35:35.750581Z,2.7548828125,3.27197265625,3.0791015625,116779.21484375,126455.4765625,890.72265625,NVIDIA RTX PRO 6000 Blackwell Workstation Edition,GPU-8cfe9244-1717-6a32-51e7-29fa37aa16b7,595.84,100.0,74.0,89444.0,97887.0,434.05,79.0,2827.0,
2026-08-09T02:35:36.769399Z,2.7548828125,3.27197265625,3.0791015625,116764.73828125,126455.4765625,890.72265625,NVIDIA RTX PRO 6000 Blackwell Workstation Edition,GPU-8cfe9244-1717-6a32-51e7-29fa37aa16b7,595.84,100.0,86.0,89444.0,97887.0,495.72,80.0,2827.0,
2026-08-09T02:35:37.793603Z,2.6943359375,3.25048828125,3.0732421875,116754.51171875,126455.4765625,890.72265625,NVIDIA RTX PRO 6000 Blackwell Workstation Edition,GPU-8cfe9244-1717-6a32-51e7-29fa37aa16b7,595.84,100.0,86.0,89444.0,97887.0,464.75,79.0,2827.0,
2026-08-09T02:35:38.817261Z,2.6943359375,3.25048828125,3.0732421875,116759.70703125,126455.4765625,890.72265625,NVIDIA RTX PRO 6000 Blackwell Workstation Edition,GPU-8cfe9244-1717-6a32-51e7-29fa37aa16b7,595.84,100.0,86.0,89444.0,97887.0,475.35,80.0,2827.0,
2026-08-09T02:35:39.841392Z,2.6943359375,3.25048828125,3.0732421875,116777.2578125,126455.4765625,890.72265625,NVIDIA RTX PRO 6000 Blackwell Workstation Edition,GPU-8cfe9244-1717-6a32-51e7-29fa37aa16b7,595.84,100.0,86.0,89444.0,97887.0,465.66,79.0,2827.0,
2026-08-09T02:35:40.864512Z,2.6943359375,3.25048828125,3.0732421875,116758.765625,126455.4765625,890.72265625,NVIDIA RTX PRO 6000 Blackwell Workstation Edition,GPU-8cfe9244-1717-6a32-51e7-29fa37aa16b7,595.84,100.0,85.0,89444.0,97887.0,489.67,79.0,2827.0,
2026-08-09T02:35:41.887875Z,2.6943359375,3.25048828125,3.0732421875,116761.0625,126455.4765625,890.72265625,NVIDIA RTX PRO 6000 Blackwell Workstation Edition,GPU-8cfe9244-1717-6a32-51e7-29fa37aa16b7,595.84,100.0,87.0,89444.0,97887.0,477.22,79.0,2827.0,
2026-08-09T02:35:42.912340Z,2.638671875,3.2294921875,3.0673828125,116750.4140625,126455.4765625,890.72265625,NVIDIA RTX PRO 6000 Blackwell Workstation Edition,GPU-8cfe9244-1717-6a32-51e7-29fa37aa16b7,595.84,100.0,85.0,89444.0,97887.0,470.59,79.0,2827.0,
2026-08-09T02:35:43.936356Z,2.638671875,3.2294921875,3.0673828125,116754.32421875,126455.4765625,890.72265625,NVIDIA RTX PRO 6000 Blackwell Workstation Edition,GPU-8cfe9244-1717-6a32-51e7-29fa37aa16b7,595.84,100.0,86.0,89444.0,97887.0,459.53,79.0,2827.0,
2026-08-09T02:35:44.956009Z,2.638671875,3.2294921875,3.0673828125,116776.18359375,126455.4765625,890.72265625,NVIDIA RTX PRO 6000 Blackwell Workstation Edition,GPU-8cfe9244-1717-6a32-51e7-29fa37aa16b7,595.84,100.0,85.0,89444.0,97887.0,490.58,79.0,2827.0,
2026-08-09T02:35:45.975968Z,2.638671875,3.2294921875,3.0673828125,116780.84375,126455.4765625,890.72265625,NVIDIA RTX PRO 6000 Blackwell Workstation Edition,GPU-8cfe9244-1717-6a32-51e7-29fa37aa16b7,595.84,100.0,84.0,89444.0,97887.0,473.15,79.0,2827.0,
2026-08-09T02:35:46.999074Z,2.638671875,3.2294921875,3.0673828125,116768.078125,126455.4765625,890.72265625,NVIDIA RTX PRO 6000 Blackwell Workstation Edition,GPU-8cfe9244-1717-6a32-51e7-29fa37aa16b7,595.84,100.0,87.0,89444.0,97887.0,488.09,79.0,2827.0,
2026-08-09T02:35:48.022120Z,2.66796875,3.2255859375,3.06689453125,116760.05078125,126455.4765625,890.72265625,NVIDIA RTX PRO 6000 Blackwell Workstation Edition,GPU-8cfe9244-1717-6a32-51e7-29fa37aa16b7,595.84,100.0,86.0,89444.0,97887.0,476.66,79.0,2827.0,
2026-08-09T02:35:49.046073Z,2.66796875,3.2255859375,3.06689453125,116763.6953125,126455.4765625,890.7265625,NVIDIA RTX PRO 6000 Blackwell Workstation Edition,GPU-8cfe9244-1717-6a32-51e7-29fa37aa16b7,595.84,100.0,87.0,89444.0,97887.0,470.85,79.0,2827.0,
2026-08-09T02:35:50.074164Z,2.66796875,3.2255859375,3.06689453125,116698.79296875,126455.4765625,890.7265625,NVIDIA RTX PRO 6000 Blackwell Workstation Edition,GPU-8cfe9244-1717-6a32-51e7-29fa37aa16b7,595.84,100.0,87.0,89444.0,97887.0,527.85,80.0,2647.0,
2026-08-09T02:35:51.101223Z,2.66796875,3.2255859375,3.06689453125,116748.4609375,126455.4765625,890.7265625,NVIDIA RTX PRO 6000 Blackwell Workstation Edition,GPU-8cfe9244-1717-6a32-51e7-29fa37aa16b7,595.84,100.0,69.0,89444.0,97887.0,487.76,82.0,2760.0,
2026-08-09T02:35:52.124985Z,2.69482421875,3.2216796875,3.06640625,116748.875,126455.4765625,890.7265625,NVIDIA RTX PRO 6000 Blackwell Workstation Edition,GPU-8cfe9244-1717-6a32-51e7-29fa37aa16b7,595.84,100.0,84.0,89444.0,97887.0,485.82,81.0,2820.0,
2026-08-09T02:35:53.149444Z,2.69482421875,3.2216796875,3.06640625,116749.0390625,126455.4765625,890.7265625,NVIDIA RTX PRO 6000 Blackwell Workstation Edition,GPU-8cfe9244-1717-6a32-51e7-29fa37aa16b7,595.84,100.0,65.0,89444.0,97887.0,480.41,82.0,2812.0,
2026-08-09T02:35:54.174327Z,2.69482421875,3.2216796875,3.06640625,116763.87890625,126455.4765625,890.7265625,NVIDIA RTX PRO 6000 Blackwell Workstation Edition,GPU-8cfe9244-1717-6a32-51e7-29fa37aa16b7,595.84,100.0,87.0,89444.0,97887.0,491.86,80.0,2827.0,
2026-08-09T02:35:55.199174Z,2.69482421875,3.2216796875,3.06640625,116740.84765625,126455.4765625,890.7265625,NVIDIA RTX PRO 6000 Blackwell Workstation Edition,GPU-8cfe9244-1717-6a32-51e7-29fa37aa16b7,595.84,100.0,74.0,89444.0,97887.0,506.66,85.0,2595.0,
2026-08-09T02:35:56.216167Z,2.69482421875,3.2216796875,3.06640625,116723.12109375,126455.4765625,890.7265625,NVIDIA RTX PRO 6000 Blackwell Workstation Edition,GPU-8cfe9244-1717-6a32-51e7-29fa37aa16b7,595.84,100.0,61.0,89444.0,97887.0,500.61,86.0,2827.0,
2026-08-09T02:35:57.239947Z,2.63916015625,3.201171875,3.060546875,116721.171875,126455.4765625,890.7265625,NVIDIA RTX PRO 6000 Blackwell Workstation Edition,GPU-8cfe9244-1717-6a32-51e7-29fa37aa16b7,595.84,100.0,75.0,89444.0,97887.0,478.01,85.0,2827.0,
2026-08-09T02:35:58.262588Z,2.63916015625,3.201171875,3.060546875,116709.1640625,126455.4765625,890.7265625,NVIDIA RTX PRO 6000 Blackwell Workstation Edition,GPU-8cfe9244-1717-6a32-51e7-29fa37aa16b7,595.84,100.0,87.0,89444.0,97887.0,517.46,80.0,2827.0,
2026-08-09T02:35:59.285679Z,2.63916015625,3.201171875,3.060546875,116723.1328125,126455.4765625,890.7265625,NVIDIA RTX PRO 6000 Blackwell Workstation Edition,GPU-8cfe9244-1717-6a32-51e7-29fa37aa16b7,595.84,100.0,87.0,89444.0,97887.0,487.95,80.0,2827.0,
2026-08-09T02:36:00.309133Z,2.63916015625,3.201171875,3.060546875,116744.89453125,126455.4765625,890.7265625,NVIDIA RTX PRO 6000 Blackwell Workstation Edition,GPU-8cfe9244-1717-6a32-51e7-29fa37aa16b7,595.84,100.0,86.0,89444.0,97887.0,474.57,80.0,2805.0,
2026-08-09T02:36:01.331086Z,2.63916015625,3.201171875,3.060546875,116742.3671875,126455.4765625,890.7265625,NVIDIA RTX PRO 6000 Blackwell Workstation Edition,GPU-8cfe9244-1717-6a32-51e7-29fa37aa16b7,595.84,100.0,87.0,89444.0,97887.0,498.05,81.0,2640.0,
2026-08-09T02:36:02.355106Z,2.587890625,3.18115234375,3.0546875,116725.42578125,126455.4765625,890.7265625,NVIDIA RTX PRO 6000 Blackwell Workstation Edition,GPU-8cfe9244-1717-6a32-51e7-29fa37aa16b7,595.84,100.0,70.0,89444.0,97887.0,492.88,86.0,2782.0,
2026-08-09T02:36:03.379404Z,2.587890625,3.18115234375,3.0546875,116724.37890625,126455.4765625,890.7265625,NVIDIA RTX PRO 6000 Blackwell Workstation Edition,GPU-8cfe9244-1717-6a32-51e7-29fa37aa16b7,595.84,100.0,87.0,89444.0,97887.0,472.23,79.0,2827.0,
2026-08-09T02:36:04.399597Z,2.587890625,3.18115234375,3.0546875,116737.77734375,126455.4765625,890.7265625,NVIDIA RTX PRO 6000 Blackwell Workstation Edition,GPU-8cfe9244-1717-6a32-51e7-29fa37aa16b7,595.84,100.0,88.0,89444.0,97887.0,478.97,79.0,2827.0,
2026-08-09T02:36:05.423559Z,2.587890625,3.18115234375,3.0546875,116744.70703125,126455.4765625,890.7265625,NVIDIA RTX PRO 6000 Blackwell Workstation Edition,GPU-8cfe9244-1717-6a32-51e7-29fa37aa16b7,595.84,100.0,86.0,89444.0,97887.0,493.77,79.0,2827.0,
2026-08-09T02:36:06.449802Z,2.587890625,3.18115234375,3.0546875,116748.41796875,126455.4765625,890.7265625,NVIDIA RTX PRO 6000 Blackwell Workstation Edition,GPU-8cfe9244-1717-6a32-51e7-29fa37aa16b7,595.84,100.0,88.0,89444.0,97887.0,478.82,79.0,2827.0,
2026-08-09T02:36:07.467015Z,2.54052734375,3.1611328125,3.048828125,116769.734375,126455.4765625,890.7265625,NVIDIA RTX PRO 6000 Blackwell Workstation Edition,GPU-8cfe9244-1717-6a32-51e7-29fa37aa16b7,595.84,100.0,86.0,89444.0,97887.0,494.83,80.0,2827.0,
2026-08-09T02:36:08.491714Z,2.54052734375,3.1611328125,3.048828125,116774.04296875,126455.4765625,890.7265625,NVIDIA RTX PRO 6000 Blackwell Workstation Edition,GPU-8cfe9244-1717-6a32-51e7-29fa37aa16b7,595.84,100.0,86.0,89444.0,97887.0,503.35,80.0,2632.0,
2026-08-09T02:36:09.515695Z,2.54052734375,3.1611328125,3.048828125,116777.79296875,126455.4765625,890.7265625,NVIDIA RTX PRO 6000 Blackwell Workstation Edition,GPU-8cfe9244-1717-6a32-51e7-29fa37aa16b7,595.84,100.0,86.0,89444.0,97887.0,479.93,80.0,2790.0,
2026-08-09T02:36:10.539158Z,2.54052734375,3.1611328125,3.048828125,116766.17578125,126455.4765625,890.7265625,NVIDIA RTX PRO 6000 Blackwell Workstation Edition,GPU-8cfe9244-1717-6a32-51e7-29fa37aa16b7,595.84,100.0,86.0,89444.0,97887.0,469.82,81.0,2812.0,
2026-08-09T02:36:11.563486Z,2.54052734375,3.1611328125,3.048828125,116796.51953125,126455.4765625,890.7265625,NVIDIA RTX PRO 6000 Blackwell Workstation Edition,GPU-8cfe9244-1717-6a32-51e7-29fa37aa16b7,595.84,100.0,63.0,89444.0,97887.0,509.76,86.0,2827.0,
2026-08-09T02:36:12.601413Z,2.4970703125,3.1416015625,3.04296875,116764.2265625,126455.4765625,890.734375,NVIDIA RTX PRO 6000 Blackwell Workstation Edition,GPU-8cfe9244-1717-6a32-51e7-29fa37aa16b7,595.84,100.0,87.0,89444.0,97887.0,503.51,80.0,2827.0,
2026-08-09T02:36:13.628864Z,2.4970703125,3.1416015625,3.04296875,116778.1328125,126455.4765625,890.73828125,NVIDIA RTX PRO 6000 Blackwell Workstation Edition,GPU-8cfe9244-1717-6a32-51e7-29fa37aa16b7,595.84,100.0,87.0,89444.0,97887.0,495.18,80.0,2827.0,
2026-08-09T02:36:14.646050Z,2.4970703125,3.1416015625,3.04296875,116766.37890625,126455.4765625,890.73828125,NVIDIA RTX PRO 6000 Blackwell Workstation Edition,GPU-8cfe9244-1717-6a32-51e7-29fa37aa16b7,595.84,100.0,89.0,89444.0,97887.0,498.07,80.0,2820.0,
2026-08-09T02:36:15.670331Z,2.4970703125,3.1416015625,3.04296875,116775.921875,126455.4765625,890.73828125,NVIDIA RTX PRO 6000 Blackwell Workstation Edition,GPU-8cfe9244-1717-6a32-51e7-29fa37aa16b7,595.84,100.0,82.0,89444.0,97887.0,503.74,81.0,2640.0,
2026-08-09T02:36:16.692689Z,2.4970703125,3.1416015625,3.04296875,116776.2265625,126455.4765625,890.73828125,NVIDIA RTX PRO 6000 Blackwell Workstation Edition,GPU-8cfe9244-1717-6a32-51e7-29fa37aa16b7,595.84,100.0,88.0,89444.0,97887.0,487.46,80.0,2827.0,
2026-08-09T02:36:17.716936Z,2.45703125,3.12255859375,3.037109375,116765.15234375,126455.4765625,890.73828125,NVIDIA RTX PRO 6000 Blackwell Workstation Edition,GPU-8cfe9244-1717-6a32-51e7-29fa37aa16b7,595.84,100.0,86.0,89444.0,97887.0,475.67,79.0,2827.0,
2026-08-09T02:36:18.741880Z,2.45703125,3.12255859375,3.037109375,116764.37109375,126455.4765625,890.73828125,NVIDIA RTX PRO 6000 Blackwell Workstation Edition,GPU-8cfe9244-1717-6a32-51e7-29fa37aa16b7,595.84,100.0,88.0,89444.0,97887.0,497.11,80.0,2715.0,
2026-08-09T02:36:19.766290Z,2.45703125,3.12255859375,3.037109375,116759.31640625,126455.4765625,890.73828125,NVIDIA RTX PRO 6000 Blackwell Workstation Edition,GPU-8cfe9244-1717-6a32-51e7-29fa37aa16b7,595.84,100.0,80.0,89444.0,97887.0,483.98,81.0,2767.0,
2026-08-09T02:36:20.792658Z,2.45703125,3.12255859375,3.037109375,116716.94140625,126455.4765625,890.73828125,NVIDIA RTX PRO 6000 Blackwell Workstation Edition,GPU-8cfe9244-1717-6a32-51e7-29fa37aa16b7,595.84,100.0,63.0,89444.0,97887.0,486.67,82.0,2820.0,
2026-08-09T02:36:21.815844Z,2.45703125,3.12255859375,3.037109375,116700.86328125,126455.4765625,890.73828125,NVIDIA RTX PRO 6000 Blackwell Workstation Edition,GPU-8cfe9244-1717-6a32-51e7-29fa37aa16b7,595.84,100.0,87.0,89444.0,97887.0,483.92,80.0,2805.0,
2026-08-09T02:36:22.840902Z,2.42041015625,3.103515625,3.03125,116693.1953125,126455.4765625,890.73828125,NVIDIA RTX PRO 6000 Blackwell Workstation Edition,GPU-8cfe9244-1717-6a32-51e7-29fa37aa16b7,595.84,100.0,87.0,89444.0,97887.0,482.77,80.0,2700.0,
2026-08-09T02:36:23.864253Z,2.42041015625,3.103515625,3.03125,116706.59375,126455.4765625,890.73828125,NVIDIA RTX PRO 6000 Blackwell Workstation Edition,GPU-8cfe9244-1717-6a32-51e7-29fa37aa16b7,595.84,100.0,87.0,89444.0,97887.0,470.6,79.0,2827.0,
2026-08-09T02:36:24.881845Z,2.42041015625,3.103515625,3.03125,116701.29296875,126455.4765625,890.73828125,NVIDIA RTX PRO 6000 Blackwell Workstation Edition,GPU-8cfe9244-1717-6a32-51e7-29fa37aa16b7,595.84,100.0,86.0,89444.0,97887.0,491.82,79.0,2827.0,
2026-08-09T02:36:25.905251Z,2.42041015625,3.103515625,3.03125,116726.375,126455.4765625,890.73828125,NVIDIA RTX PRO 6000 Blackwell Workstation Edition,GPU-8cfe9244-1717-6a32-51e7-29fa37aa16b7,595.84,100.0,86.0,89444.0,97887.0,475.74,79.0,2797.0,
2026-08-09T02:36:26.929644Z,2.42041015625,3.103515625,3.03125,116755.75390625,126455.4765625,890.7421875,NVIDIA RTX PRO 6000 Blackwell Workstation Edition,GPU-8cfe9244-1717-6a32-51e7-29fa37aa16b7,595.84,100.0,88.0,89444.0,97887.0,489.45,80.0,2767.0,
2026-08-09T02:36:27.954969Z,2.38671875,3.0849609375,3.025390625,116754.45703125,126455.4765625,890.7421875,NVIDIA RTX PRO 6000 Blackwell Workstation Edition,GPU-8cfe9244-1717-6a32-51e7-29fa37aa16b7,595.84,100.0,86.0,89444.0,97887.0,498.28,80.0,2647.0,
2026-08-09T02:36:28.980301Z,2.38671875,3.0849609375,3.025390625,116752.40625,126455.4765625,890.7421875,NVIDIA RTX PRO 6000 Blackwell Workstation Edition,GPU-8cfe9244-1717-6a32-51e7-29fa37aa16b7,595.84,100.0,87.0,89444.0,97887.0,478.36,80.0,2640.0,
2026-08-09T02:36:30.003362Z,2.38671875,3.0849609375,3.025390625,116736.6640625,126455.4765625,890.7421875,NVIDIA RTX PRO 6000 Blackwell Workstation Edition,GPU-8cfe9244-1717-6a32-51e7-29fa37aa16b7,595.84,100.0,62.0,89444.0,97887.0,488.7,83.0,2820.0,
2026-08-09T02:36:31.026105Z,2.38671875,3.0849609375,3.025390625,116741.640625,126455.4765625,890.7421875,NVIDIA RTX PRO 6000 Blackwell Workstation Edition,GPU-8cfe9244-1717-6a32-51e7-29fa37aa16b7,595.84,100.0,81.0,89444.0,97887.0,506.37,82.0,2827.0,
2026-08-09T02:36:32.051356Z,2.38671875,3.0849609375,3.025390625,116685.3359375,126455.4765625,890.7421875,NVIDIA RTX PRO 6000 Blackwell Workstation Edition,GPU-8cfe9244-1717-6a32-51e7-29fa37aa16b7,595.84,100.0,88.0,89444.0,97887.0,474.0,80.0,2827.0,
2026-08-09T02:36:33.079203Z,2.43603515625,3.08349609375,3.02490234375,116719.71484375,126455.4765625,890.7421875,NVIDIA RTX PRO 6000 Blackwell Workstation Edition,GPU-8cfe9244-1717-6a32-51e7-29fa37aa16b7,595.84,100.0,87.0,89444.0,97887.0,508.5,80.0,2677.0,
2026-08-09T02:36:34.102443Z,2.43603515625,3.08349609375,3.02490234375,116703.00390625,126455.4765625,890.7421875,NVIDIA RTX PRO 6000 Blackwell Workstation Edition,GPU-8cfe9244-1717-6a32-51e7-29fa37aa16b7,595.84,100.0,88.0,89444.0,97887.0,476.54,80.0,2820.0,
2026-08-09T02:36:35.125853Z,2.43603515625,3.08349609375,3.02490234375,116696.22265625,126455.4765625,890.75390625,NVIDIA RTX PRO 6000 Blackwell Workstation Edition,GPU-8cfe9244-1717-6a32-51e7-29fa37aa16b7,595.84,100.0,61.0,89444.0,97887.0,492.65,83.0,2820.0,
2026-08-09T02:36:36.148924Z,2.43603515625,3.08349609375,3.02490234375,116666.78125,126455.4765625,890.75390625,NVIDIA RTX PRO 6000 Blackwell Workstation Edition,GPU-8cfe9244-1717-6a32-51e7-29fa37aa16b7,595.84,100.0,61.0,89444.0,97887.0,525.04,83.0,2767.0,
2026-08-09T02:36:37.172714Z,2.40087890625,3.0654296875,3.01904296875,116655.69140625,126455.4765625,890.7578125,NVIDIA RTX PRO 6000 Blackwell Workstation Edition,GPU-8cfe9244-1717-6a32-51e7-29fa37aa16b7,595.84,100.0,87.0,89444.0,97887.0,487.12,80.0,2827.0,
2026-08-09T02:36:38.196826Z,2.40087890625,3.0654296875,3.01904296875,116653.28515625,126455.4765625,890.7578125,NVIDIA RTX PRO 6000 Blackwell Workstation Edition,GPU-8cfe9244-1717-6a32-51e7-29fa37aa16b7,595.84,100.0,56.0,89444.0,97887.0,518.77,86.0,2797.0,
2026-08-09T02:36:39.225575Z,2.40087890625,3.0654296875,3.01904296875,116641.1875,126455.4765625,890.765625,NVIDIA RTX PRO 6000 Blackwell Workstation Edition,GPU-8cfe9244-1717-6a32-51e7-29fa37aa16b7,595.84,100.0,87.0,89444.0,97887.0,494.16,80.0,2805.0,
2026-08-09T02:36:40.243553Z,2.40087890625,3.0654296875,3.01904296875,116662.53125,126455.4765625,890.765625,NVIDIA RTX PRO 6000 Blackwell Workstation Edition,GPU-8cfe9244-1717-6a32-51e7-29fa37aa16b7,595.84,100.0,84.0,89444.0,97887.0,489.68,81.0,2827.0,
2026-08-09T02:36:41.268232Z,2.40087890625,3.0654296875,3.01904296875,116656.53515625,126455.4765625,890.765625,NVIDIA RTX PRO 6000 Blackwell Workstation Edition,GPU-8cfe9244-1717-6a32-51e7-29fa37aa16b7,595.84,100.0,88.0,89444.0,97887.0,474.9,80.0,2797.0,
2026-08-09T02:36:42.297578Z,2.44921875,3.06396484375,3.0185546875,116687.81640625,126455.4765625,890.76953125,NVIDIA RTX PRO 6000 Blackwell Workstation Edition,GPU-8cfe9244-1717-6a32-51e7-29fa37aa16b7,595.84,100.0,85.0,89444.0,97887.0,464.03,80.0,2827.0,
2026-08-09T02:36:43.321833Z,2.44921875,3.06396484375,3.0185546875,116675.79296875,126455.4765625,890.76953125,NVIDIA RTX PRO 6000 Blackwell Workstation Edition,GPU-8cfe9244-1717-6a32-51e7-29fa37aa16b7,595.84,100.0,82.0,89444.0,97887.0,488.25,83.0,2827.0,
2026-08-09T02:36:44.346550Z,2.44921875,3.06396484375,3.0185546875,116654.3046875,126455.4765625,890.76953125,NVIDIA RTX PRO 6000 Blackwell Workstation Edition,GPU-8cfe9244-1717-6a32-51e7-29fa37aa16b7,595.84,100.0,87.0,89444.0,97887.0,514.58,80.0,2827.0,
2026-08-09T02:36:45.369917Z,2.44921875,3.06396484375,3.0185546875,116653.3046875,126455.4765625,890.76953125,NVIDIA RTX PRO 6000 Blackwell Workstation Edition,GPU-8cfe9244-1717-6a32-51e7-29fa37aa16b7,595.84,100.0,86.0,89444.0,97887.0,511.83,80.0,2647.0,
2026-08-09T02:36:46.393880Z,2.44921875,3.06396484375,3.0185546875,116616.0,126455.4765625,890.76953125,NVIDIA RTX PRO 6000 Blackwell Workstation Edition,GPU-8cfe9244-1717-6a32-51e7-29fa37aa16b7,595.84,100.0,82.0,89444.0,97887.0,507.63,81.0,2752.0,
2026-08-09T02:36:47.417809Z,2.4130859375,3.0458984375,3.0126953125,116644.84765625,126455.4765625,890.7734375,NVIDIA RTX PRO 6000 Blackwell Workstation Edition,GPU-8cfe9244-1717-6a32-51e7-29fa37aa16b7,595.84,100.0,87.0,89444.0,97887.0,472.84,80.0,2820.0,
2026-08-09T02:36:48.442004Z,2.4130859375,3.0458984375,3.0126953125,116709.98828125,126455.4765625,890.7734375,NVIDIA RTX PRO 6000 Blackwell Workstation Edition,GPU-8cfe9244-1717-6a32-51e7-29fa37aa16b7,595.84,100.0,83.0,89444.0,97887.0,473.19,82.0,2797.0,
2026-08-09T02:36:49.465997Z,2.4130859375,3.0458984375,3.0126953125,116717.8671875,126455.4765625,890.77734375,NVIDIA RTX PRO 6000 Blackwell Workstation Edition,GPU-8cfe9244-1717-6a32-51e7-29fa37aa16b7,595.84,100.0,88.0,89444.0,97887.0,493.57,80.0,2827.0,
2026-08-09T02:36:50.490549Z,2.4130859375,3.0458984375,3.0126953125,116722.89453125,126455.4765625,890.77734375,NVIDIA RTX PRO 6000 Blackwell Workstation Edition,GPU-8cfe9244-1717-6a32-51e7-29fa37aa16b7,595.84,100.0,87.0,89444.0,97887.0,480.45,79.0,2827.0,
2026-08-09T02:36:51.513365Z,2.4130859375,3.0458984375,3.0126953125,116728.890625,126455.4765625,890.77734375,NVIDIA RTX PRO 6000 Blackwell Workstation Edition,GPU-8cfe9244-1717-6a32-51e7-29fa37aa16b7,595.84,100.0,87.0,89444.0,97887.0,494.37,80.0,2827.0,
2026-08-09T02:36:52.538261Z,2.3798828125,3.0283203125,3.0068359375,116733.296875,126455.4765625,890.77734375,NVIDIA RTX PRO 6000 Blackwell Workstation Edition,GPU-8cfe9244-1717-6a32-51e7-29fa37aa16b7,595.84,100.0,86.0,89444.0,97887.0,470.37,79.0,2827.0,
2026-08-09T02:36:53.561982Z,2.3798828125,3.0283203125,3.0068359375,116743.55859375,126455.4765625,890.77734375,NVIDIA RTX PRO 6000 Blackwell Workstation Edition,GPU-8cfe9244-1717-6a32-51e7-29fa37aa16b7,595.84,100.0,84.0,89444.0,97887.0,457.86,79.0,2827.0,
2026-08-09T02:36:54.586106Z,2.3798828125,3.0283203125,3.0068359375,116745.953125,126455.4765625,890.78125,NVIDIA RTX PRO 6000 Blackwell Workstation Edition,GPU-8cfe9244-1717-6a32-51e7-29fa37aa16b7,595.84,100.0,86.0,89444.0,97887.0,494.7,80.0,2632.0,
2026-08-09T02:36:55.608017Z,2.3798828125,3.0283203125,3.0068359375,116723.91796875,126455.4765625,890.78125,NVIDIA RTX PRO 6000 Blackwell Workstation Edition,GPU-8cfe9244-1717-6a32-51e7-29fa37aa16b7,595.84,100.0,79.0,89444.0,97887.0,512.7,81.0,2662.0,
2026-08-09T02:36:56.637447Z,2.3798828125,3.0283203125,3.0068359375,116746.72265625,126455.4765625,890.78125,NVIDIA RTX PRO 6000 Blackwell Workstation Edition,GPU-8cfe9244-1717-6a32-51e7-29fa37aa16b7,595.84,100.0,84.0,89444.0,97887.0,483.08,82.0,2827.0,
2026-08-09T02:36:57.662276Z,2.34912109375,3.01123046875,3.0009765625,116744.12890625,126455.4765625,890.78125,NVIDIA RTX PRO 6000 Blackwell Workstation Edition,GPU-8cfe9244-1717-6a32-51e7-29fa37aa16b7,595.84,100.0,87.0,89444.0,97887.0,476.18,80.0,2812.0,
2026-08-09T02:36:58.686715Z,2.34912109375,3.01123046875,3.0009765625,116747.08203125,126455.4765625,890.78125,NVIDIA RTX PRO 6000 Blackwell Workstation Edition,GPU-8cfe9244-1717-6a32-51e7-29fa37aa16b7,595.84,100.0,87.0,89444.0,97887.0,482.15,79.0,2827.0,
2026-08-09T02:36:59.710976Z,2.34912109375,3.01123046875,3.0009765625,116734.87109375,126455.4765625,890.78125,NVIDIA RTX PRO 6000 Blackwell Workstation Edition,GPU-8cfe9244-1717-6a32-51e7-29fa37aa16b7,595.84,100.0,86.0,89444.0,97887.0,492.47,80.0,2647.0,
2026-08-09T02:37:00.741084Z,2.34912109375,3.01123046875,3.0009765625,116710.19140625,126455.4765625,890.78125,NVIDIA RTX PRO 6000 Blackwell Workstation Edition,GPU-8cfe9244-1717-6a32-51e7-29fa37aa16b7,595.84,100.0,86.0,89444.0,97887.0,466.65,81.0,2797.0,
2026-08-09T02:37:01.762496Z,2.34912109375,3.01123046875,3.0009765625,116714.23046875,126455.4765625,890.78125,NVIDIA RTX PRO 6000 Blackwell Workstation Edition,GPU-8cfe9244-1717-6a32-51e7-29fa37aa16b7,595.84,100.0,87.0,89444.0,97887.0,474.79,80.0,2827.0,
2026-08-09T02:37:02.788089Z,2.32080078125,2.994140625,2.9951171875,116704.33984375,126455.4765625,890.78125,NVIDIA RTX PRO 6000 Blackwell Workstation Edition,GPU-8cfe9244-1717-6a32-51e7-29fa37aa16b7,595.84,100.0,86.0,89444.0,97887.0,462.81,79.0,2827.0,
2026-08-09T02:37:03.806931Z,2.32080078125,2.994140625,2.9951171875,116714.4921875,126455.4765625,890.78125,NVIDIA RTX PRO 6000 Blackwell Workstation Edition,GPU-8cfe9244-1717-6a32-51e7-29fa37aa16b7,595.84,100.0,82.0,89444.0,97887.0,489.46,81.0,2827.0,
2026-08-09T02:37:04.833384Z,2.32080078125,2.994140625,2.9951171875,116702.4765625,126455.4765625,890.78125,NVIDIA RTX PRO 6000 Blackwell Workstation Edition,GPU-8cfe9244-1717-6a32-51e7-29fa37aa16b7,595.84,100.0,86.0,89444.0,97887.0,492.91,79.0,2827.0,
2026-08-09T02:37:05.855100Z,2.32080078125,2.994140625,2.9951171875,116711.265625,126455.4765625,890.78125,NVIDIA RTX PRO 6000 Blackwell Workstation Edition,GPU-8cfe9244-1717-6a32-51e7-29fa37aa16b7,595.84,100.0,86.0,89444.0,97887.0,493.27,80.0,2827.0,
2026-08-09T02:37:06.877687Z,2.32080078125,2.994140625,2.9951171875,116696.19140625,126455.4765625,890.78125,NVIDIA RTX PRO 6000 Blackwell Workstation Edition,GPU-8cfe9244-1717-6a32-51e7-29fa37aa16b7,595.84,100.0,88.0,89444.0,97887.0,494.13,80.0,2820.0,
2026-08-09T02:37:07.900952Z,2.294921875,2.9775390625,2.98974609375,116687.421875,126455.4765625,890.78125,NVIDIA RTX PRO 6000 Blackwell Workstation Edition,GPU-8cfe9244-1717-6a32-51e7-29fa37aa16b7,595.84,100.0,61.0,89444.0,97887.0,532.58,82.0,2595.0,
2026-08-09T02:37:08.926823Z,2.294921875,2.9775390625,2.98974609375,116736.5546875,126455.4765625,890.78125,NVIDIA RTX PRO 6000 Blackwell Workstation Edition,GPU-8cfe9244-1717-6a32-51e7-29fa37aa16b7,595.84,100.0,88.0,89444.0,97887.0,486.82,80.0,2647.0,
2026-08-09T02:37:09.951488Z,2.294921875,2.9775390625,2.98974609375,116735.87109375,126455.4765625,890.78125,NVIDIA RTX PRO 6000 Blackwell Workstation Edition,GPU-8cfe9244-1717-6a32-51e7-29fa37aa16b7,595.84,100.0,86.0,89444.0,97887.0,469.19,80.0,2827.0,
2026-08-09T02:37:10.972507Z,2.294921875,2.9775390625,2.98974609375,116709.640625,126455.4765625,890.78125,NVIDIA RTX PRO 6000 Blackwell Workstation Edition,GPU-8cfe9244-1717-6a32-51e7-29fa37aa16b7,595.84,100.0,87.0,89444.0,97887.0,511.37,80.0,2827.0,
2026-08-09T02:37:11.997827Z,2.294921875,2.9775390625,2.98974609375,116727.51953125,126455.4765625,890.78125,NVIDIA RTX PRO 6000 Blackwell Workstation Edition,GPU-8cfe9244-1717-6a32-51e7-29fa37aa16b7,595.84,100.0,88.0,89444.0,97887.0,464.3,80.0,2827.0,
2026-08-09T02:37:13.023580Z,2.27099609375,2.9609375,2.984375,116713.51171875,126455.4765625,890.78125,NVIDIA RTX PRO 6000 Blackwell Workstation Edition,GPU-8cfe9244-1717-6a32-51e7-29fa37aa16b7,595.84,100.0,87.0,89444.0,97887.0,496.07,80.0,2797.0,
2026-08-09T02:37:14.047678Z,2.27099609375,2.9609375,2.984375,116727.9375,126455.4765625,890.78125,NVIDIA RTX PRO 6000 Blackwell Workstation Edition,GPU-8cfe9244-1717-6a32-51e7-29fa37aa16b7,595.84,100.0,88.0,89444.0,97887.0,472.72,80.0,2797.0,
2026-08-09T02:37:15.071497Z,2.27099609375,2.9609375,2.984375,116726.22265625,126455.4765625,890.78125,NVIDIA RTX PRO 6000 Blackwell Workstation Edition,GPU-8cfe9244-1717-6a32-51e7-29fa37aa16b7,595.84,100.0,61.0,89444.0,97887.0,509.05,83.0,2737.0,
2026-08-09T02:37:16.095114Z,2.27099609375,2.9609375,2.984375,116725.2578125,126455.4765625,890.78125,NVIDIA RTX PRO 6000 Blackwell Workstation Edition,GPU-8cfe9244-1717-6a32-51e7-29fa37aa16b7,595.84,100.0,84.0,89444.0,97887.0,474.19,80.0,2827.0,
2026-08-09T02:37:17.118996Z,2.2490234375,2.94482421875,2.97900390625,116726.6171875,126455.4765625,890.78125,NVIDIA RTX PRO 6000 Blackwell Workstation Edition,GPU-8cfe9244-1717-6a32-51e7-29fa37aa16b7,595.84,100.0,79.0,89444.0,97887.0,499.27,81.0,2820.0,
2026-08-09T02:37:18.146712Z,2.2490234375,2.94482421875,2.97900390625,116733.921875,126455.4765625,890.78125,NVIDIA RTX PRO 6000 Blackwell Workstation Edition,GPU-8cfe9244-1717-6a32-51e7-29fa37aa16b7,595.84,100.0,82.0,89444.0,97887.0,503.8,83.0,2827.0,
2026-08-09T02:37:19.171073Z,2.2490234375,2.94482421875,2.97900390625,116674.7734375,126455.4765625,890.78125,NVIDIA RTX PRO 6000 Blackwell Workstation Edition,GPU-8cfe9244-1717-6a32-51e7-29fa37aa16b7,595.84,100.0,87.0,89444.0,97887.0,490.46,80.0,2827.0,
2026-08-09T02:37:20.197664Z,2.2490234375,2.94482421875,2.97900390625,116731.296875,126455.4765625,890.78125,NVIDIA RTX PRO 6000 Blackwell Workstation Edition,GPU-8cfe9244-1717-6a32-51e7-29fa37aa16b7,595.84,100.0,86.0,89444.0,97887.0,496.17,80.0,2827.0,
2026-08-09T02:37:21.222999Z,2.2490234375,2.94482421875,2.97900390625,116701.609375,126455.4765625,890.78125,NVIDIA RTX PRO 6000 Blackwell Workstation Edition,GPU-8cfe9244-1717-6a32-51e7-29fa37aa16b7,595.84,100.0,87.0,89444.0,97887.0,461.89,79.0,2827.0,
2026-08-09T02:37:22.246346Z,2.22900390625,2.9287109375,2.9736328125,116703.65625,126455.4765625,890.78125,NVIDIA RTX PRO 6000 Blackwell Workstation Edition,GPU-8cfe9244-1717-6a32-51e7-29fa37aa16b7,595.84,100.0,81.0,89444.0,97887.0,483.27,80.0,2827.0,
2026-08-09T02:37:23.270299Z,2.22900390625,2.9287109375,2.9736328125,116700.34765625,126455.4765625,890.78125,NVIDIA RTX PRO 6000 Blackwell Workstation Edition,GPU-8cfe9244-1717-6a32-51e7-29fa37aa16b7,595.84,100.0,86.0,89444.0,97887.0,505.81,79.0,2827.0,
2026-08-09T02:37:24.294854Z,2.22900390625,2.9287109375,2.9736328125,116679.1015625,126455.4765625,890.78125,NVIDIA RTX PRO 6000 Blackwell Workstation Edition,GPU-8cfe9244-1717-6a32-51e7-29fa37aa16b7,595.84,100.0,88.0,89444.0,97887.0,484.97,80.0,2820.0,
2026-08-09T02:37:25.319098Z,2.22900390625,2.9287109375,2.9736328125,116713.3828125,126455.4765625,890.7890625,NVIDIA RTX PRO 6000 Blackwell Workstation Edition,GPU-8cfe9244-1717-6a32-51e7-29fa37aa16b7,595.84,100.0,80.0,89444.0,97887.0,527.98,83.0,2640.0,
2026-08-09T02:37:26.343486Z,2.22900390625,2.9287109375,2.9736328125,116717.27734375,126455.4765625,890.7890625,NVIDIA RTX PRO 6000 Blackwell Workstation Edition,GPU-8cfe9244-1717-6a32-51e7-29fa37aa16b7,595.84,100.0,88.0,89444.0,97887.0,482.3,80.0,2797.0,
2026-08-09T02:37:27.366928Z,2.291015625,2.93017578125,2.97412109375,116710.51953125,126455.4765625,890.7890625,NVIDIA RTX PRO 6000 Blackwell Workstation Edition,GPU-8cfe9244-1717-6a32-51e7-29fa37aa16b7,595.84,100.0,86.0,89444.0,97887.0,460.44,80.0,2827.0,
2026-08-09T02:37:28.390877Z,2.291015625,2.93017578125,2.97412109375,116718.8671875,126455.4765625,890.7890625,NVIDIA RTX PRO 6000 Blackwell Workstation Edition,GPU-8cfe9244-1717-6a32-51e7-29fa37aa16b7,595.84,100.0,86.0,89444.0,97887.0,470.87,79.0,2820.0,
2026-08-09T02:37:29.411618Z,2.291015625,2.93017578125,2.97412109375,116710.1015625,126455.4765625,890.7890625,NVIDIA RTX PRO 6000 Blackwell Workstation Edition,GPU-8cfe9244-1717-6a32-51e7-29fa37aa16b7,595.84,100.0,56.0,89444.0,97887.0,502.44,86.0,2827.0,
2026-08-09T02:37:30.435098Z,2.291015625,2.93017578125,2.97412109375,116732.1171875,126455.4765625,890.7890625,NVIDIA RTX PRO 6000 Blackwell Workstation Edition,GPU-8cfe9244-1717-6a32-51e7-29fa37aa16b7,595.84,100.0,86.0,89444.0,97887.0,495.09,80.0,2827.0,
2026-08-09T02:37:31.457235Z,2.291015625,2.93017578125,2.97412109375,116733.0703125,126455.4765625,890.7890625,NVIDIA RTX PRO 6000 Blackwell Workstation Edition,GPU-8cfe9244-1717-6a32-51e7-29fa37aa16b7,595.84,100.0,89.0,89444.0,97887.0,479.74,80.0,2820.0,
2026-08-09T02:37:32.482653Z,2.42822265625,2.9482421875,2.97998046875,116718.87890625,126455.4765625,890.7890625,NVIDIA RTX PRO 6000 Blackwell Workstation Edition,GPU-8cfe9244-1717-6a32-51e7-29fa37aa16b7,595.84,100.0,86.0,89444.0,97887.0,488.77,80.0,2655.0,
2026-08-09T02:37:33.506372Z,2.42822265625,2.9482421875,2.97998046875,116722.69921875,126455.4765625,890.7890625,NVIDIA RTX PRO 6000 Blackwell Workstation Edition,GPU-8cfe9244-1717-6a32-51e7-29fa37aa16b7,595.84,100.0,86.0,89444.0,97887.0,491.39,80.0,2745.0,
2026-08-09T02:37:34.530865Z,2.42822265625,2.9482421875,2.97998046875,116707.3203125,126455.4765625,890.7890625,NVIDIA RTX PRO 6000 Blackwell Workstation Edition,GPU-8cfe9244-1717-6a32-51e7-29fa37aa16b7,595.84,100.0,85.0,89444.0,97887.0,487.32,82.0,2782.0,
2026-08-09T02:37:35.554761Z,2.42822265625,2.9482421875,2.97998046875,116748.2109375,126455.4765625,890.79296875,NVIDIA RTX PRO 6000 Blackwell Workstation Edition,GPU-8cfe9244-1717-6a32-51e7-29fa37aa16b7,595.84,100.0,83.0,89444.0,97887.0,471.46,81.0,2812.0,
2026-08-09T02:37:36.579134Z,2.42822265625,2.9482421875,2.97998046875,116703.1796875,126455.4765625,890.79296875,NVIDIA RTX PRO 6000 Blackwell Workstation Edition,GPU-8cfe9244-1717-6a32-51e7-29fa37aa16b7,595.84,100.0,86.0,89444.0,97887.0,496.6,81.0,2595.0,
2026-08-09T02:37:37.602315Z,2.3935546875,2.93212890625,2.974609375,116685.80859375,126455.4765625,890.79296875,NVIDIA RTX PRO 6000 Blackwell Workstation Edition,GPU-8cfe9244-1717-6a32-51e7-29fa37aa16b7,595.84,100.0,86.0,89444.0,97887.0,493.71,80.0,2827.0,
2026-08-09T02:37:38.631264Z,2.3935546875,2.93212890625,2.974609375,116697.36328125,126455.4765625,890.79296875,NVIDIA RTX PRO 6000 Blackwell Workstation Edition,GPU-8cfe9244-1717-6a32-51e7-29fa37aa16b7,595.84,100.0,87.0,89444.0,97887.0,495.32,80.0,2827.0,
2026-08-09T02:37:39.649860Z,2.3935546875,2.93212890625,2.974609375,116701.42578125,126455.4765625,890.79296875,NVIDIA RTX PRO 6000 Blackwell Workstation Edition,GPU-8cfe9244-1717-6a32-51e7-29fa37aa16b7,595.84,100.0,88.0,89444.0,97887.0,516.28,80.0,2640.0,
2026-08-09T02:37:40.667561Z,2.3935546875,2.93212890625,2.974609375,116673.18359375,126455.4765625,890.79296875,NVIDIA RTX PRO 6000 Blackwell Workstation Edition,GPU-8cfe9244-1717-6a32-51e7-29fa37aa16b7,595.84,100.0,84.0,89444.0,97887.0,498.14,80.0,2797.0,
2026-08-09T02:37:41.690343Z,2.3935546875,2.93212890625,2.974609375,116687.76953125,126455.4765625,890.79296875,NVIDIA RTX PRO 6000 Blackwell Workstation Edition,GPU-8cfe9244-1717-6a32-51e7-29fa37aa16b7,595.84,100.0,87.0,89444.0,97887.0,484.35,80.0,2700.0,
2026-08-09T02:37:42.715044Z,2.36181640625,2.91650390625,2.96923828125,116690.0234375,126455.4765625,890.79296875,NVIDIA RTX PRO 6000 Blackwell Workstation Edition,GPU-8cfe9244-1717-6a32-51e7-29fa37aa16b7,595.84,100.0,87.0,89444.0,97887.0,481.98,80.0,2790.0,
2026-08-09T02:37:43.741436Z,2.36181640625,2.91650390625,2.96923828125,116680.44921875,126455.4765625,890.79296875,NVIDIA RTX PRO 6000 Blackwell Workstation Edition,GPU-8cfe9244-1717-6a32-51e7-29fa37aa16b7,595.84,100.0,87.0,89444.0,97887.0,495.48,81.0,2685.0,
2026-08-09T02:37:44.770136Z,2.36181640625,2.91650390625,2.96923828125,116672.9375,126455.4765625,890.79296875,NVIDIA RTX PRO 6000 Blackwell Workstation Edition,GPU-8cfe9244-1717-6a32-51e7-29fa37aa16b7,595.84,100.0,85.0,89444.0,97887.0,481.55,80.0,2812.0,
2026-08-09T02:37:45.787332Z,2.36181640625,2.91650390625,2.96923828125,116737.7734375,126455.4765625,890.79296875,NVIDIA RTX PRO 6000 Blackwell Workstation Edition,GPU-8cfe9244-1717-6a32-51e7-29fa37aa16b7,595.84,100.0,86.0,89444.0,97887.0,486.43,80.0,2827.0,
2026-08-09T02:37:46.807968Z,2.36181640625,2.91650390625,2.96923828125,116737.59765625,126455.4765625,890.79296875,NVIDIA RTX PRO 6000 Blackwell Workstation Edition,GPU-8cfe9244-1717-6a32-51e7-29fa37aa16b7,595.84,100.0,82.0,89444.0,97887.0,515.73,84.0,2827.0,
2026-08-09T02:37:47.831424Z,2.33251953125,2.90087890625,2.9638671875,116736.671875,126455.4765625,890.79296875,NVIDIA RTX PRO 6000 Blackwell Workstation Edition,GPU-8cfe9244-1717-6a32-51e7-29fa37aa16b7,595.84,100.0,86.0,89444.0,97887.0,478.11,80.0,2827.0,
2026-08-09T02:37:48.859408Z,2.33251953125,2.90087890625,2.9638671875,116721.0625,126455.4765625,890.79296875,NVIDIA RTX PRO 6000 Blackwell Workstation Edition,GPU-8cfe9244-1717-6a32-51e7-29fa37aa16b7,595.84,100.0,86.0,89444.0,97887.0,485.56,80.0,2827.0,
2026-08-09T02:37:49.880338Z,2.33251953125,2.90087890625,2.9638671875,116718.4765625,126455.4765625,890.80078125,NVIDIA RTX PRO 6000 Blackwell Workstation Edition,GPU-8cfe9244-1717-6a32-51e7-29fa37aa16b7,595.84,100.0,86.0,89444.0,97887.0,517.42,80.0,2445.0,
2026-08-09T02:37:50.904251Z,2.33251953125,2.90087890625,2.9638671875,116693.3203125,126455.4765625,890.80859375,NVIDIA RTX PRO 6000 Blackwell Workstation Edition,GPU-8cfe9244-1717-6a32-51e7-29fa37aa16b7,595.84,100.0,86.0,89444.0,97887.0,472.07,80.0,2827.0,
2026-08-09T02:37:51.928209Z,2.33251953125,2.90087890625,2.9638671875,116698.19921875,126455.4765625,890.80859375,NVIDIA RTX PRO 6000 Blackwell Workstation Edition,GPU-8cfe9244-1717-6a32-51e7-29fa37aa16b7,595.84,100.0,88.0,89444.0,97887.0,466.03,80.0,2827.0,
2026-08-09T02:37:52.953884Z,2.3056640625,2.8857421875,2.95849609375,116701.984375,126455.4765625,890.8125,NVIDIA RTX PRO 6000 Blackwell Workstation Edition,GPU-8cfe9244-1717-6a32-51e7-29fa37aa16b7,595.84,100.0,86.0,89444.0,97887.0,474.45,80.0,2812.0,
2026-08-09T02:37:53.976834Z,2.3056640625,2.8857421875,2.95849609375,116722.41796875,126455.4765625,890.8125,NVIDIA RTX PRO 6000 Blackwell Workstation Edition,GPU-8cfe9244-1717-6a32-51e7-29fa37aa16b7,595.84,100.0,87.0,89444.0,97887.0,481.06,80.0,2827.0,
2026-08-09T02:37:55.003344Z,2.3056640625,2.8857421875,2.95849609375,116719.546875,126455.4765625,890.8125,NVIDIA RTX PRO 6000 Blackwell Workstation Edition,GPU-8cfe9244-1717-6a32-51e7-29fa37aa16b7,595.84,100.0,86.0,89444.0,97887.0,480.31,80.0,2827.0,
2026-08-09T02:37:56.021232Z,2.3056640625,2.8857421875,2.95849609375,116709.20703125,126455.4765625,890.8125,NVIDIA RTX PRO 6000 Blackwell Workstation Edition,GPU-8cfe9244-1717-6a32-51e7-29fa37aa16b7,595.84,100.0,86.0,89444.0,97887.0,531.74,80.0,2820.0,
2026-08-09T02:37:57.038674Z,2.3056640625,2.8857421875,2.95849609375,116689.1328125,126455.4765625,890.8125,NVIDIA RTX PRO 6000 Blackwell Workstation Edition,GPU-8cfe9244-1717-6a32-51e7-29fa37aa16b7,595.84,100.0,78.0,89444.0,97887.0,506.36,81.0,2760.0,
2026-08-09T02:37:58.062934Z,2.28076171875,2.87060546875,2.953125,116671.75,126455.4765625,890.8125,NVIDIA RTX PRO 6000 Blackwell Workstation Edition,GPU-8cfe9244-1717-6a32-51e7-29fa37aa16b7,595.84,100.0,86.0,89444.0,97887.0,484.18,80.0,2790.0,
2026-08-09T02:37:59.087310Z,2.28076171875,2.87060546875,2.953125,116683.7734375,126455.4765625,890.8125,NVIDIA RTX PRO 6000 Blackwell Workstation Edition,GPU-8cfe9244-1717-6a32-51e7-29fa37aa16b7,595.84,100.0,87.0,89444.0,97887.0,468.61,80.0,2797.0,
2026-08-09T02:38:00.111532Z,2.28076171875,2.87060546875,2.953125,116705.62890625,126455.4765625,890.82421875,NVIDIA RTX PRO 6000 Blackwell Workstation Edition,GPU-8cfe9244-1717-6a32-51e7-29fa37aa16b7,595.84,100.0,56.0,89444.0,97887.0,496.85,86.0,2797.0,
2026-08-09T02:38:01.136185Z,2.28076171875,2.87060546875,2.953125,116678.3515625,126455.4765625,890.82421875,NVIDIA RTX PRO 6000 Blackwell Workstation Edition,GPU-8cfe9244-1717-6a32-51e7-29fa37aa16b7,595.84,100.0,85.0,89444.0,97887.0,508.17,80.0,2827.0,
2026-08-09T02:38:02.160675Z,2.2578125,2.85595703125,2.94775390625,116692.87109375,126455.4765625,890.82421875,NVIDIA RTX PRO 6000 Blackwell Workstation Edition,GPU-8cfe9244-1717-6a32-51e7-29fa37aa16b7,595.84,100.0,83.0,89444.0,97887.0,471.94,83.0,2827.0,
2026-08-09T02:38:03.185974Z,2.2578125,2.85595703125,2.94775390625,116706.921875,126455.4765625,890.82421875,NVIDIA RTX PRO 6000 Blackwell Workstation Edition,GPU-8cfe9244-1717-6a32-51e7-29fa37aa16b7,595.84,100.0,86.0,89444.0,97887.0,503.78,80.0,2827.0,
2026-08-09T02:38:04.211886Z,2.2578125,2.85595703125,2.94775390625,116722.8984375,126455.4765625,890.83203125,NVIDIA RTX PRO 6000 Blackwell Workstation Edition,GPU-8cfe9244-1717-6a32-51e7-29fa37aa16b7,595.84,100.0,87.0,89444.0,97887.0,478.16,80.0,2827.0,
2026-08-09T02:38:05.228333Z,2.2578125,2.85595703125,2.94775390625,116714.5703125,126455.4765625,890.83203125,NVIDIA RTX PRO 6000 Blackwell Workstation Edition,GPU-8cfe9244-1717-6a32-51e7-29fa37aa16b7,595.84,100.0,86.0,89444.0,97887.0,502.83,79.0,2827.0,
2026-08-09T02:38:06.252426Z,2.2578125,2.85595703125,2.94775390625,116657.5390625,126455.4765625,890.83203125,NVIDIA RTX PRO 6000 Blackwell Workstation Edition,GPU-8cfe9244-1717-6a32-51e7-29fa37aa16b7,595.84,100.0,88.0,89444.0,97887.0,492.44,80.0,2812.0,
2026-08-09T02:38:07.276295Z,2.23681640625,2.84130859375,2.9423828125,116724.2578125,126455.4765625,890.83203125,NVIDIA RTX PRO 6000 Blackwell Workstation Edition,GPU-8cfe9244-1717-6a32-51e7-29fa37aa16b7,595.84,100.0,87.0,89444.0,97887.0,492.37,80.0,2827.0,
2026-08-09T02:38:08.301366Z,2.23681640625,2.84130859375,2.9423828125,116718.375,126455.4765625,890.83203125,NVIDIA RTX PRO 6000 Blackwell Workstation Edition,GPU-8cfe9244-1717-6a32-51e7-29fa37aa16b7,595.84,100.0,86.0,89444.0,97887.0,466.77,80.0,2820.0,
2026-08-09T02:38:09.324762Z,2.23681640625,2.84130859375,2.9423828125,116724.66015625,126455.4765625,890.83203125,NVIDIA RTX PRO 6000 Blackwell Workstation Edition,GPU-8cfe9244-1717-6a32-51e7-29fa37aa16b7,595.84,100.0,86.0,89444.0,97887.0,482.44,80.0,2820.0,
2026-08-09T02:38:10.349027Z,2.23681640625,2.84130859375,2.9423828125,116729.48828125,126455.4765625,890.83203125,NVIDIA RTX PRO 6000 Blackwell Workstation Edition,GPU-8cfe9244-1717-6a32-51e7-29fa37aa16b7,595.84,100.0,84.0,89444.0,97887.0,506.6,81.0,2655.0,
2026-08-09T02:38:11.374147Z,2.23681640625,2.84130859375,2.9423828125,116709.41015625,126455.4765625,890.83203125,NVIDIA RTX PRO 6000 Blackwell Workstation Edition,GPU-8cfe9244-1717-6a32-51e7-29fa37aa16b7,595.84,100.0,82.0,89444.0,97887.0,489.89,81.0,2655.0,
2026-08-09T02:38:12.397902Z,2.29833984375,2.84423828125,2.94287109375,116715.5390625,126455.4765625,890.83203125,NVIDIA RTX PRO 6000 Blackwell Workstation Edition,GPU-8cfe9244-1717-6a32-51e7-29fa37aa16b7,595.84,100.0,87.0,89444.0,97887.0,473.37,79.0,2820.0,
2026-08-09T02:38:13.414828Z,2.29833984375,2.84423828125,2.94287109375,116718.140625,126455.4765625,890.83203125,NVIDIA RTX PRO 6000 Blackwell Workstation Edition,GPU-8cfe9244-1717-6a32-51e7-29fa37aa16b7,595.84,100.0,86.0,89444.0,97887.0,490.56,81.0,2827.0,
2026-08-09T02:38:14.432494Z,2.29833984375,2.84423828125,2.94287109375,116720.22265625,126455.4765625,890.83203125,NVIDIA RTX PRO 6000 Blackwell Workstation Edition,GPU-8cfe9244-1717-6a32-51e7-29fa37aa16b7,595.84,100.0,87.0,89444.0,97887.0,487.99,80.0,2827.0,
2026-08-09T02:38:15.454634Z,2.29833984375,2.84423828125,2.94287109375,116730.00390625,126455.4765625,890.83203125,NVIDIA RTX PRO 6000 Blackwell Workstation Edition,GPU-8cfe9244-1717-6a32-51e7-29fa37aa16b7,595.84,100.0,87.0,89444.0,97887.0,503.5,80.0,2797.0,
2026-08-09T02:38:16.478519Z,2.29833984375,2.84423828125,2.94287109375,116722.33203125,126455.4765625,890.83203125,NVIDIA RTX PRO 6000 Blackwell Workstation Edition,GPU-8cfe9244-1717-6a32-51e7-29fa37aa16b7,595.84,100.0,88.0,89444.0,97887.0,472.29,80.0,2820.0,
2026-08-09T02:38:17.503481Z,2.2744140625,2.830078125,2.9375,116724.15625,126455.4765625,890.83203125,NVIDIA RTX PRO 6000 Blackwell Workstation Edition,GPU-8cfe9244-1717-6a32-51e7-29fa37aa16b7,595.84,100.0,86.0,89444.0,97887.0,473.77,80.0,2797.0,
2026-08-09T02:38:18.527706Z,2.2744140625,2.830078125,2.9375,116723.59765625,126455.4765625,890.83203125,NVIDIA RTX PRO 6000 Blackwell Workstation Edition,GPU-8cfe9244-1717-6a32-51e7-29fa37aa16b7,595.84,100.0,86.0,89444.0,97887.0,499.03,80.0,2415.0,
2026-08-09T02:38:19.554352Z,2.2744140625,2.830078125,2.9375,116739.28515625,126455.4765625,890.83203125,NVIDIA RTX PRO 6000 Blackwell Workstation Edition,GPU-8cfe9244-1717-6a32-51e7-29fa37aa16b7,595.84,100.0,88.0,89444.0,97887.0,482.54,80.0,2827.0,
2026-08-09T02:38:20.577415Z,2.2744140625,2.830078125,2.9375,116735.90234375,126455.4765625,890.83203125,NVIDIA RTX PRO 6000 Blackwell Workstation Edition,GPU-8cfe9244-1717-6a32-51e7-29fa37aa16b7,595.84,100.0,68.0,89444.0,97887.0,484.71,82.0,2805.0,
2026-08-09T02:38:21.600324Z,2.2744140625,2.830078125,2.9375,116735.4921875,126455.4765625,890.83203125,NVIDIA RTX PRO 6000 Blackwell Workstation Edition,GPU-8cfe9244-1717-6a32-51e7-29fa37aa16b7,595.84,100.0,86.0,89444.0,97887.0,485.29,79.0,2647.0,
2026-08-09T02:38:22.620366Z,2.65283203125,2.8994140625,2.95947265625,116757.1953125,126455.4765625,890.83203125,NVIDIA RTX PRO 6000 Blackwell Workstation Edition,GPU-8cfe9244-1717-6a32-51e7-29fa37aa16b7,595.84,100.0,86.0,89444.0,97887.0,474.12,79.0,2827.0,
2026-08-09T02:38:23.644045Z,2.65283203125,2.8994140625,2.95947265625,116758.4453125,126455.4765625,890.83203125,NVIDIA RTX PRO 6000 Blackwell Workstation Edition,GPU-8cfe9244-1717-6a32-51e7-29fa37aa16b7,595.84,100.0,86.0,89444.0,97887.0,495.2,80.0,2797.0,
2026-08-09T02:38:24.667238Z,2.65283203125,2.8994140625,2.95947265625,116759.02734375,126455.4765625,890.83203125,NVIDIA RTX PRO 6000 Blackwell Workstation Edition,GPU-8cfe9244-1717-6a32-51e7-29fa37aa16b7,595.84,100.0,86.0,89444.0,97887.0,473.35,80.0,2745.0,
2026-08-09T02:38:25.694046Z,2.65283203125,2.8994140625,2.95947265625,116728.4765625,126455.4765625,890.83203125,NVIDIA RTX PRO 6000 Blackwell Workstation Edition,GPU-8cfe9244-1717-6a32-51e7-29fa37aa16b7,595.84,100.0,85.0,89444.0,97887.0,464.96,79.0,2812.0,
2026-08-09T02:38:26.718061Z,2.65283203125,2.8994140625,2.95947265625,116716.52734375,126455.4765625,890.83203125,NVIDIA RTX PRO 6000 Blackwell Workstation Edition,GPU-8cfe9244-1717-6a32-51e7-29fa37aa16b7,595.84,100.0,72.0,89444.0,97887.0,506.42,81.0,2707.0,
2026-08-09T02:38:27.743796Z,2.60009765625,2.88427734375,2.9541015625,116736.89453125,126455.4765625,890.83203125,NVIDIA RTX PRO 6000 Blackwell Workstation Edition,GPU-8cfe9244-1717-6a32-51e7-29fa37aa16b7,595.84,100.0,85.0,89444.0,97887.0,452.83,79.0,2827.0,
2026-08-09T02:38:28.766003Z,2.60009765625,2.88427734375,2.9541015625,116718.84375,126455.4765625,890.83203125,NVIDIA RTX PRO 6000 Blackwell Workstation Edition,GPU-8cfe9244-1717-6a32-51e7-29fa37aa16b7,595.84,100.0,87.0,89444.0,97887.0,488.38,79.0,2820.0,
2026-08-09T02:38:29.789967Z,2.60009765625,2.88427734375,2.9541015625,116703.26171875,126455.4765625,890.83203125,NVIDIA RTX PRO 6000 Blackwell Workstation Edition,GPU-8cfe9244-1717-6a32-51e7-29fa37aa16b7,595.84,100.0,85.0,89444.0,97887.0,498.21,80.0,2767.0,
2026-08-09T02:38:30.814040Z,2.60009765625,2.88427734375,2.9541015625,116732.58203125,126455.4765625,890.83203125,NVIDIA RTX PRO 6000 Blackwell Workstation Edition,GPU-8cfe9244-1717-6a32-51e7-29fa37aa16b7,595.84,100.0,85.0,89444.0,97887.0,484.8,80.0,2797.0,
2026-08-09T02:38:31.837407Z,2.60009765625,2.88427734375,2.9541015625,116718.484375,126455.4765625,890.83203125,NVIDIA RTX PRO 6000 Blackwell Workstation Edition,GPU-8cfe9244-1717-6a32-51e7-29fa37aa16b7,595.84,100.0,84.0,89444.0,97887.0,467.2,80.0,2827.0,
2026-08-09T02:38:32.862599Z,2.5517578125,2.869140625,2.94873046875,116757.48828125,126455.4765625,890.83203125,NVIDIA RTX PRO 6000 Blackwell Workstation Edition,GPU-8cfe9244-1717-6a32-51e7-29fa37aa16b7,595.84,100.0,58.0,89444.0,97887.0,493.38,86.0,2827.0,
2026-08-09T02:38:33.886857Z,2.5517578125,2.869140625,2.94873046875,116744.78515625,126455.4765625,890.83203125,NVIDIA RTX PRO 6000 Blackwell Workstation Edition,GPU-8cfe9244-1717-6a32-51e7-29fa37aa16b7,595.84,100.0,87.0,89444.0,97887.0,488.89,80.0,2812.0,
2026-08-09T02:38:34.908567Z,2.5517578125,2.869140625,2.94873046875,116769.1640625,126455.4765625,890.83203125,NVIDIA RTX PRO 6000 Blackwell Workstation Edition,GPU-8cfe9244-1717-6a32-51e7-29fa37aa16b7,595.84,100.0,64.0,89444.0,97887.0,488.82,82.0,2820.0,
2026-08-09T02:38:35.936739Z,2.5517578125,2.869140625,2.94873046875,116753.75,126455.4765625,890.83203125,NVIDIA RTX PRO 6000 Blackwell Workstation Edition,GPU-8cfe9244-1717-6a32-51e7-29fa37aa16b7,595.84,100.0,87.0,89444.0,97887.0,524.48,80.0,2820.0,
2026-08-09T02:38:36.956793Z,2.5517578125,2.869140625,2.94873046875,116755.3515625,126455.4765625,890.83203125,NVIDIA RTX PRO 6000 Blackwell Workstation Edition,GPU-8cfe9244-1717-6a32-51e7-29fa37aa16b7,595.84,100.0,82.0,89444.0,97887.0,494.96,81.0,2790.0,
2026-08-09T02:38:37.981010Z,2.50732421875,2.8544921875,2.943359375,116749.28515625,126455.4765625,890.83203125,NVIDIA RTX PRO 6000 Blackwell Workstation Edition,GPU-8cfe9244-1717-6a32-51e7-29fa37aa16b7,595.84,100.0,86.0,89444.0,97887.0,479.73,80.0,2797.0,
2026-08-09T02:38:39.006737Z,2.50732421875,2.8544921875,2.943359375,116753.5390625,126455.4765625,890.83203125,NVIDIA RTX PRO 6000 Blackwell Workstation Edition,GPU-8cfe9244-1717-6a32-51e7-29fa37aa16b7,595.84,100.0,88.0,89444.0,97887.0,461.8,80.0,2827.0,
2026-08-09T02:38:40.031108Z,2.50732421875,2.8544921875,2.943359375,116750.69140625,126455.4765625,890.8359375,NVIDIA RTX PRO 6000 Blackwell Workstation Edition,GPU-8cfe9244-1717-6a32-51e7-29fa37aa16b7,595.84,100.0,57.0,89444.0,97887.0,522.24,86.0,2767.0,
2026-08-09T02:38:41.054819Z,2.50732421875,2.8544921875,2.943359375,116727.1015625,126455.4765625,890.8359375,NVIDIA RTX PRO 6000 Blackwell Workstation Edition,GPU-8cfe9244-1717-6a32-51e7-29fa37aa16b7,595.84,100.0,84.0,89444.0,97887.0,491.77,80.0,2827.0,
2026-08-09T02:38:42.079010Z,2.50732421875,2.8544921875,2.943359375,116710.60546875,126455.4765625,890.8359375,NVIDIA RTX PRO 6000 Blackwell Workstation Edition,GPU-8cfe9244-1717-6a32-51e7-29fa37aa16b7,595.84,100.0,78.0,89444.0,97887.0,491.07,81.0,2767.0,
2026-08-09T02:38:43.108136Z,2.626953125,2.87353515625,2.94921875,116698.015625,126455.4765625,890.8359375,NVIDIA RTX PRO 6000 Blackwell Workstation Edition,GPU-8cfe9244-1717-6a32-51e7-29fa37aa16b7,595.84,100.0,86.0,89444.0,97887.0,473.09,79.0,2827.0,
2026-08-09T02:38:44.130962Z,2.626953125,2.87353515625,2.94921875,116700.01171875,126455.4765625,890.8359375,NVIDIA RTX PRO 6000 Blackwell Workstation Edition,GPU-8cfe9244-1717-6a32-51e7-29fa37aa16b7,595.84,100.0,88.0,89444.0,97887.0,487.7,80.0,2797.0,
2026-08-09T02:38:45.154604Z,2.626953125,2.87353515625,2.94921875,116692.828125,126455.4765625,890.8359375,NVIDIA RTX PRO 6000 Blackwell Workstation Edition,GPU-8cfe9244-1717-6a32-51e7-29fa37aa16b7,595.84,100.0,86.0,89444.0,97887.0,491.62,80.0,2617.0,
2026-08-09T02:38:46.176884Z,2.626953125,2.87353515625,2.94921875,116700.9296875,126455.4765625,890.8359375,NVIDIA RTX PRO 6000 Blackwell Workstation Edition,GPU-8cfe9244-1717-6a32-51e7-29fa37aa16b7,595.84,100.0,86.0,89444.0,97887.0,469.37,79.0,2797.0,
2026-08-09T02:38:47.200184Z,2.57666015625,2.85888671875,2.94384765625,116701.6953125,126455.4765625,890.8359375,NVIDIA RTX PRO 6000 Blackwell Workstation Edition,GPU-8cfe9244-1717-6a32-51e7-29fa37aa16b7,595.84,100.0,86.0,89444.0,97887.0,470.01,80.0,2827.0,
2026-08-09T02:38:48.220149Z,2.57666015625,2.85888671875,2.94384765625,116657.21484375,126455.4765625,890.8359375,NVIDIA RTX PRO 6000 Blackwell Workstation Edition,GPU-8cfe9244-1717-6a32-51e7-29fa37aa16b7,595.84,100.0,61.0,89444.0,97887.0,508.18,83.0,2797.0,
2026-08-09T02:38:49.244220Z,2.57666015625,2.85888671875,2.94384765625,116693.453125,126455.4765625,890.8359375,NVIDIA RTX PRO 6000 Blackwell Workstation Edition,GPU-8cfe9244-1717-6a32-51e7-29fa37aa16b7,595.84,100.0,83.0,89444.0,97887.0,504.02,81.0,2610.0,
2026-08-09T02:38:50.270101Z,2.57666015625,2.85888671875,2.94384765625,116705.79296875,126455.4765625,890.8359375,NVIDIA RTX PRO 6000 Blackwell Workstation Edition,GPU-8cfe9244-1717-6a32-51e7-29fa37aa16b7,595.84,100.0,86.0,89444.0,97887.0,494.75,80.0,2797.0,
2026-08-09T02:38:51.293286Z,2.57666015625,2.85888671875,2.94384765625,116720.203125,126455.4765625,890.8359375,NVIDIA RTX PRO 6000 Blackwell Workstation Edition,GPU-8cfe9244-1717-6a32-51e7-29fa37aa16b7,595.84,100.0,87.0,89444.0,97887.0,463.76,79.0,2827.0,
2026-08-09T02:38:52.313060Z,2.5302734375,2.84423828125,2.9384765625,116737.11328125,126455.4765625,890.8359375,NVIDIA RTX PRO 6000 Blackwell Workstation Edition,GPU-8cfe9244-1717-6a32-51e7-29fa37aa16b7,595.84,100.0,85.0,89444.0,97887.0,495.2,80.0,2797.0,
2026-08-09T02:38:53.337649Z,2.5302734375,2.84423828125,2.9384765625,116723.19140625,126455.4765625,890.8359375,NVIDIA RTX PRO 6000 Blackwell Workstation Edition,GPU-8cfe9244-1717-6a32-51e7-29fa37aa16b7,595.84,100.0,85.0,89444.0,97887.0,477.21,80.0,2655.0,
2026-08-09T02:38:54.365738Z,2.5302734375,2.84423828125,2.9384765625,116756.83203125,126455.4765625,890.8359375,NVIDIA RTX PRO 6000 Blackwell Workstation Edition,GPU-8cfe9244-1717-6a32-51e7-29fa37aa16b7,595.84,100.0,88.0,89444.0,97887.0,528.04,80.0,2722.0,
2026-08-09T02:38:55.393848Z,2.5302734375,2.84423828125,2.9384765625,116753.03125,126455.4765625,890.8359375,NVIDIA RTX PRO 6000 Blackwell Workstation Edition,GPU-8cfe9244-1717-6a32-51e7-29fa37aa16b7,595.84,100.0,87.0,89444.0,97887.0,485.78,80.0,2820.0,
2026-08-09T02:38:56.418691Z,2.5302734375,2.84423828125,2.9384765625,116770.6640625,126455.4765625,890.8359375,NVIDIA RTX PRO 6000 Blackwell Workstation Edition,GPU-8cfe9244-1717-6a32-51e7-29fa37aa16b7,595.84,100.0,86.0,89444.0,97887.0,482.0,80.0,2820.0,
2026-08-09T02:38:57.442209Z,2.48779296875,2.830078125,2.93310546875,116760.2265625,126455.4765625,890.8359375,NVIDIA RTX PRO 6000 Blackwell Workstation Edition,GPU-8cfe9244-1717-6a32-51e7-29fa37aa16b7,595.84,100.0,87.0,89444.0,97887.0,463.45,80.0,2827.0,
2026-08-09T02:38:58.465693Z,2.48779296875,2.830078125,2.93310546875,116768.1015625,126455.4765625,890.8359375,NVIDIA RTX PRO 6000 Blackwell Workstation Edition,GPU-8cfe9244-1717-6a32-51e7-29fa37aa16b7,595.84,100.0,87.0,89444.0,97887.0,494.79,80.0,2640.0,
2026-08-09T02:38:59.489148Z,2.48779296875,2.830078125,2.93310546875,116792.67578125,126455.4765625,890.8359375,NVIDIA RTX PRO 6000 Blackwell Workstation Edition,GPU-8cfe9244-1717-6a32-51e7-29fa37aa16b7,595.84,100.0,83.0,89444.0,97887.0,480.42,83.0,2797.0,
2026-08-09T02:39:00.512709Z,2.48779296875,2.830078125,2.93310546875,116776.8359375,126455.4765625,890.8359375,NVIDIA RTX PRO 6000 Blackwell Workstation Edition,GPU-8cfe9244-1717-6a32-51e7-29fa37aa16b7,595.84,100.0,86.0,89444.0,97887.0,466.77,79.0,2827.0,
2026-08-09T02:39:01.534518Z,2.48779296875,2.830078125,2.93310546875,116744.78515625,126455.4765625,890.8359375,NVIDIA RTX PRO 6000 Blackwell Workstation Edition,GPU-8cfe9244-1717-6a32-51e7-29fa37aa16b7,595.84,100.0,87.0,89444.0,97887.0,467.73,79.0,2752.0,
2026-08-09T02:39:02.558179Z,2.44873046875,2.81591796875,2.927734375,116727.79296875,126455.4765625,890.8359375,NVIDIA RTX PRO 6000 Blackwell Workstation Edition,GPU-8cfe9244-1717-6a32-51e7-29fa37aa16b7,595.84,100.0,82.0,89444.0,97887.0,472.15,82.0,2827.0,
2026-08-09T02:39:03.576736Z,2.44873046875,2.81591796875,2.927734375,116709.73828125,126455.4765625,890.8359375,NVIDIA RTX PRO 6000 Blackwell Workstation Edition,GPU-8cfe9244-1717-6a32-51e7-29fa37aa16b7,595.84,100.0,80.0,89444.0,97887.0,545.02,81.0,2422.0,
2026-08-09T02:39:04.601880Z,2.44873046875,2.81591796875,2.927734375,116745.94921875,126455.4765625,890.83984375,NVIDIA RTX PRO 6000 Blackwell Workstation Edition,GPU-8cfe9244-1717-6a32-51e7-29fa37aa16b7,595.84,100.0,88.0,89444.0,97887.0,476.64,80.0,2827.0,
2026-08-09T02:39:05.624619Z,2.44873046875,2.81591796875,2.927734375,116718.859375,126455.4765625,890.83984375,NVIDIA RTX PRO 6000 Blackwell Workstation Edition,GPU-8cfe9244-1717-6a32-51e7-29fa37aa16b7,595.84,100.0,86.0,89444.0,97887.0,494.81,80.0,2722.0,
2026-08-09T02:39:06.658249Z,2.44873046875,2.81591796875,2.927734375,116720.140625,126455.4765625,890.83984375,NVIDIA RTX PRO 6000 Blackwell Workstation Edition,GPU-8cfe9244-1717-6a32-51e7-29fa37aa16b7,595.84,100.0,88.0,89444.0,97887.0,487.97,80.0,2647.0,
2026-08-09T02:39:07.685667Z,2.4931640625,2.8193359375,2.92822265625,116736.44140625,126455.4765625,890.84765625,NVIDIA RTX PRO 6000 Blackwell Workstation Edition,GPU-8cfe9244-1717-6a32-51e7-29fa37aa16b7,595.84,100.0,87.0,89444.0,97887.0,512.64,80.0,2640.0,
2026-08-09T02:39:08.709720Z,2.4931640625,2.8193359375,2.92822265625,116719.8046875,126455.4765625,890.84765625,NVIDIA RTX PRO 6000 Blackwell Workstation Edition,GPU-8cfe9244-1717-6a32-51e7-29fa37aa16b7,595.84,100.0,86.0,89444.0,97887.0,504.96,80.0,2662.0,
2026-08-09T02:39:09.734984Z,2.4931640625,2.8193359375,2.92822265625,116727.28125,126455.4765625,890.84765625,NVIDIA RTX PRO 6000 Blackwell Workstation Edition,GPU-8cfe9244-1717-6a32-51e7-29fa37aa16b7,595.84,100.0,88.0,89444.0,97887.0,462.02,80.0,2820.0,
2026-08-09T02:39:10.755316Z,2.4931640625,2.8193359375,2.92822265625,116696.58984375,126455.4765625,890.84765625,NVIDIA RTX PRO 6000 Blackwell Workstation Edition,GPU-8cfe9244-1717-6a32-51e7-29fa37aa16b7,595.84,100.0,84.0,89444.0,97887.0,499.3,83.0,2827.0,
2026-08-09T02:39:11.778743Z,2.4931640625,2.8193359375,2.92822265625,116722.296875,126455.4765625,890.84765625,NVIDIA RTX PRO 6000 Blackwell Workstation Edition,GPU-8cfe9244-1717-6a32-51e7-29fa37aa16b7,595.84,100.0,89.0,89444.0,97887.0,483.49,80.0,2797.0,
2026-08-09T02:39:12.801499Z,2.45361328125,2.8056640625,2.9228515625,116706.30859375,126455.4765625,890.84765625,NVIDIA RTX PRO 6000 Blackwell Workstation Edition,GPU-8cfe9244-1717-6a32-51e7-29fa37aa16b7,595.84,100.0,86.0,89444.0,97887.0,504.95,80.0,2797.0,
2026-08-09T02:39:13.825912Z,2.45361328125,2.8056640625,2.9228515625,116703.4375,126455.4765625,890.84765625,NVIDIA RTX PRO 6000 Blackwell Workstation Edition,GPU-8cfe9244-1717-6a32-51e7-29fa37aa16b7,595.84,100.0,81.0,89444.0,97887.0,469.07,82.0,2827.0,
2026-08-09T02:39:14.853100Z,2.45361328125,2.8056640625,2.9228515625,116734.37890625,126455.4765625,890.84765625,NVIDIA RTX PRO 6000 Blackwell Workstation Edition,GPU-8cfe9244-1717-6a32-51e7-29fa37aa16b7,595.84,100.0,86.0,89444.0,97887.0,489.23,79.0,2820.0,
2026-08-09T02:39:15.879047Z,2.45361328125,2.8056640625,2.9228515625,116668.4296875,126455.4765625,890.84765625,NVIDIA RTX PRO 6000 Blackwell Workstation Edition,GPU-8cfe9244-1717-6a32-51e7-29fa37aa16b7,595.84,100.0,86.0,89444.0,97887.0,482.92,80.0,2820.0,
2026-08-09T02:39:16.904075Z,2.45361328125,2.8056640625,2.9228515625,116662.1015625,126455.4765625,890.84765625,NVIDIA RTX PRO 6000 Blackwell Workstation Edition,GPU-8cfe9244-1717-6a32-51e7-29fa37aa16b7,595.84,100.0,87.0,89444.0,97887.0,488.51,80.0,2820.0,
2026-08-09T02:39:17.926995Z,2.4169921875,2.7919921875,2.91748046875,116663.1953125,126455.4765625,890.84765625,NVIDIA RTX PRO 6000 Blackwell Workstation Edition,GPU-8cfe9244-1717-6a32-51e7-29fa37aa16b7,595.84,100.0,80.0,89444.0,97887.0,474.46,80.0,2827.0,
2026-08-09T02:39:18.951932Z,2.4169921875,2.7919921875,2.91748046875,116663.55859375,126455.4765625,890.84765625,NVIDIA RTX PRO 6000 Blackwell Workstation Edition,GPU-8cfe9244-1717-6a32-51e7-29fa37aa16b7,595.84,100.0,59.0,89444.0,97887.0,515.52,85.0,2827.0,
2026-08-09T02:39:19.976472Z,2.4169921875,2.7919921875,2.91748046875,116671.93359375,126455.4765625,890.84765625,NVIDIA RTX PRO 6000 Blackwell Workstation Edition,GPU-8cfe9244-1717-6a32-51e7-29fa37aa16b7,595.84,100.0,87.0,89444.0,97887.0,508.97,80.0,2812.0,
2026-08-09T02:39:21.000957Z,2.4169921875,2.7919921875,2.91748046875,116705.87890625,126455.4765625,890.84765625,NVIDIA RTX PRO 6000 Blackwell Workstation Edition,GPU-8cfe9244-1717-6a32-51e7-29fa37aa16b7,595.84,100.0,78.0,89444.0,97887.0,475.34,84.0,2827.0,
2026-08-09T02:39:22.025851Z,2.4169921875,2.7919921875,2.91748046875,116710.12890625,126455.4765625,890.84765625,NVIDIA RTX PRO 6000 Blackwell Workstation Edition,GPU-8cfe9244-1717-6a32-51e7-29fa37aa16b7,595.84,100.0,88.0,89444.0,97887.0,481.67,80.0,2820.0,
2026-08-09T02:39:23.050495Z,2.38330078125,2.77880859375,2.912109375,116716.12109375,126455.4765625,890.84765625,NVIDIA RTX PRO 6000 Blackwell Workstation Edition,GPU-8cfe9244-1717-6a32-51e7-29fa37aa16b7,595.84,100.0,86.0,89444.0,97887.0,485.71,80.0,2752.0,
2026-08-09T02:39:24.078263Z,2.38330078125,2.77880859375,2.912109375,116733.33984375,126455.4765625,890.84765625,NVIDIA RTX PRO 6000 Blackwell Workstation Edition,GPU-8cfe9244-1717-6a32-51e7-29fa37aa16b7,595.84,100.0,86.0,89444.0,97887.0,489.14,80.0,2797.0,
2026-08-09T02:39:25.103804Z,2.38330078125,2.77880859375,2.912109375,116692.27734375,126455.4765625,890.84765625,NVIDIA RTX PRO 6000 Blackwell Workstation Edition,GPU-8cfe9244-1717-6a32-51e7-29fa37aa16b7,595.84,100.0,86.0,89444.0,97887.0,465.12,79.0,2827.0,
2026-08-09T02:39:26.127569Z,2.38330078125,2.77880859375,2.912109375,116690.2265625,126455.4765625,890.84765625,NVIDIA RTX PRO 6000 Blackwell Workstation Edition,GPU-8cfe9244-1717-6a32-51e7-29fa37aa16b7,595.84,100.0,86.0,89444.0,97887.0,472.3,79.0,2797.0,
2026-08-09T02:39:27.151033Z,2.3525390625,2.765625,2.90673828125,116697.953125,126455.4765625,890.84765625,NVIDIA RTX PRO 6000 Blackwell Workstation Edition,GPU-8cfe9244-1717-6a32-51e7-29fa37aa16b7,595.84,100.0,87.0,89444.0,97887.0,474.01,79.0,2797.0,
2026-08-09T02:39:28.173317Z,2.3525390625,2.765625,2.90673828125,116698.85546875,126455.4765625,890.84765625,NVIDIA RTX PRO 6000 Blackwell Workstation Edition,GPU-8cfe9244-1717-6a32-51e7-29fa37aa16b7,595.84,100.0,84.0,89444.0,97887.0,495.8,83.0,2775.0,
2026-08-09T02:39:29.197341Z,2.3525390625,2.765625,2.90673828125,116707.65234375,126455.4765625,890.84765625,NVIDIA RTX PRO 6000 Blackwell Workstation Edition,GPU-8cfe9244-1717-6a32-51e7-29fa37aa16b7,595.84,100.0,88.0,89444.0,97887.0,479.42,79.0,2827.0,
2026-08-09T02:39:30.221275Z,2.3525390625,2.765625,2.90673828125,116730.5,126455.4765625,890.84765625,NVIDIA RTX PRO 6000 Blackwell Workstation Edition,GPU-8cfe9244-1717-6a32-51e7-29fa37aa16b7,595.84,100.0,86.0,89444.0,97887.0,494.45,80.0,2655.0,
2026-08-09T02:39:31.245077Z,2.3525390625,2.765625,2.90673828125,116758.453125,126455.4765625,890.84765625,NVIDIA RTX PRO 6000 Blackwell Workstation Edition,GPU-8cfe9244-1717-6a32-51e7-29fa37aa16b7,595.84,100.0,87.0,89444.0,97887.0,485.29,81.0,2767.0,
2026-08-09T02:39:32.272279Z,2.32421875,2.75244140625,2.90185546875,116748.58203125,126455.4765625,890.84765625,NVIDIA RTX PRO 6000 Blackwell Workstation Edition,GPU-8cfe9244-1717-6a32-51e7-29fa37aa16b7,595.84,100.0,86.0,89444.0,97887.0,459.56,79.0,2827.0,
2026-08-09T02:39:33.296244Z,2.32421875,2.75244140625,2.90185546875,116734.546875,126455.4765625,890.84765625,NVIDIA RTX PRO 6000 Blackwell Workstation Edition,GPU-8cfe9244-1717-6a32-51e7-29fa37aa16b7,595.84,100.0,87.0,89444.0,97887.0,505.9,80.0,2820.0,
2026-08-09T02:39:34.320718Z,2.32421875,2.75244140625,2.90185546875,116738.56640625,126455.4765625,890.8515625,NVIDIA RTX PRO 6000 Blackwell Workstation Edition,GPU-8cfe9244-1717-6a32-51e7-29fa37aa16b7,595.84,100.0,89.0,89444.0,97887.0,487.9,80.0,2797.0,
2026-08-09T02:39:35.341136Z,2.32421875,2.75244140625,2.90185546875,116681.32421875,126455.4765625,890.8515625,NVIDIA RTX PRO 6000 Blackwell Workstation Edition,GPU-8cfe9244-1717-6a32-51e7-29fa37aa16b7,595.84,100.0,86.0,89444.0,97887.0,488.06,80.0,2827.0,
2026-08-09T02:39:36.368316Z,2.32421875,2.75244140625,2.90185546875,116721.375,126455.4765625,890.8515625,NVIDIA RTX PRO 6000 Blackwell Workstation Edition,GPU-8cfe9244-1717-6a32-51e7-29fa37aa16b7,595.84,100.0,89.0,89444.0,97887.0,469.05,79.0,2827.0,
2026-08-09T02:39:37.391069Z,2.2978515625,2.73974609375,2.89697265625,116738.9453125,126455.4765625,890.8515625,NVIDIA RTX PRO 6000 Blackwell Workstation Edition,GPU-8cfe9244-1717-6a32-51e7-29fa37aa16b7,595.84,100.0,82.0,89444.0,97887.0,491.13,83.0,2820.0,
2026-08-09T02:39:38.414107Z,2.2978515625,2.73974609375,2.89697265625,116735.2578125,126455.4765625,890.8515625,NVIDIA RTX PRO 6000 Blackwell Workstation Edition,GPU-8cfe9244-1717-6a32-51e7-29fa37aa16b7,595.84,100.0,86.0,89444.0,97887.0,471.66,79.0,2827.0,
2026-08-09T02:39:39.440867Z,2.2978515625,2.73974609375,2.89697265625,116720.04296875,126455.4765625,890.8515625,NVIDIA RTX PRO 6000 Blackwell Workstation Edition,GPU-8cfe9244-1717-6a32-51e7-29fa37aa16b7,595.84,100.0,87.0,89444.0,97887.0,522.6,80.0,2655.0,
2026-08-09T02:39:40.464069Z,2.2978515625,2.73974609375,2.89697265625,116741.26953125,126455.4765625,890.8515625,NVIDIA RTX PRO 6000 Blackwell Workstation Edition,GPU-8cfe9244-1717-6a32-51e7-29fa37aa16b7,595.84,100.0,63.0,89444.0,97887.0,483.46,86.0,2827.0,
2026-08-09T02:39:41.487644Z,2.2978515625,2.73974609375,2.89697265625,116723.546875,126455.4765625,890.8515625,NVIDIA RTX PRO 6000 Blackwell Workstation Edition,GPU-8cfe9244-1717-6a32-51e7-29fa37aa16b7,595.84,100.0,82.0,89444.0,97887.0,506.24,84.0,2655.0,
2026-08-09T02:39:42.513878Z,2.27392578125,2.72705078125,2.89208984375,116714.85546875,126455.4765625,890.8515625,NVIDIA RTX PRO 6000 Blackwell Workstation Edition,GPU-8cfe9244-1717-6a32-51e7-29fa37aa16b7,595.84,100.0,87.0,89444.0,97887.0,491.19,80.0,2797.0,
2026-08-09T02:39:43.536815Z,2.27392578125,2.72705078125,2.89208984375,116699.36328125,126455.4765625,890.8515625,NVIDIA RTX PRO 6000 Blackwell Workstation Edition,GPU-8cfe9244-1717-6a32-51e7-29fa37aa16b7,595.84,100.0,87.0,89444.0,97887.0,468.91,80.0,2797.0,
2026-08-09T02:39:44.561745Z,2.27392578125,2.72705078125,2.89208984375,116710.37109375,126455.4765625,890.8515625,NVIDIA RTX PRO 6000 Blackwell Workstation Edition,GPU-8cfe9244-1717-6a32-51e7-29fa37aa16b7,595.84,100.0,89.0,89444.0,97887.0,473.85,79.0,2827.0,
2026-08-09T02:39:45.577789Z,2.27392578125,2.72705078125,2.89208984375,116685.14453125,126455.4765625,890.8515625,NVIDIA RTX PRO 6000 Blackwell Workstation Edition,GPU-8cfe9244-1717-6a32-51e7-29fa37aa16b7,595.84,100.0,86.0,89444.0,97887.0,491.67,80.0,2820.0,
2026-08-09T02:39:46.603442Z,2.27392578125,2.72705078125,2.89208984375,116703.3515625,126455.4765625,890.8515625,NVIDIA RTX PRO 6000 Blackwell Workstation Edition,GPU-8cfe9244-1717-6a32-51e7-29fa37aa16b7,595.84,100.0,87.0,89444.0,97887.0,489.92,80.0,2797.0,
2026-08-09T02:39:47.627716Z,2.251953125,2.71484375,2.88720703125,116691.32421875,126455.4765625,890.8515625,NVIDIA RTX PRO 6000 Blackwell Workstation Edition,GPU-8cfe9244-1717-6a32-51e7-29fa37aa16b7,595.84,100.0,86.0,89444.0,97887.0,483.08,80.0,2827.0,
2026-08-09T02:39:48.647282Z,2.251953125,2.71484375,2.88720703125,116710.7109375,126455.4765625,890.8515625,NVIDIA RTX PRO 6000 Blackwell Workstation Edition,GPU-8cfe9244-1717-6a32-51e7-29fa37aa16b7,595.84,100.0,86.0,89444.0,97887.0,468.49,80.0,2827.0,
2026-08-09T02:39:49.671900Z,2.251953125,2.71484375,2.88720703125,116698.94921875,126455.4765625,890.8515625,NVIDIA RTX PRO 6000 Blackwell Workstation Edition,GPU-8cfe9244-1717-6a32-51e7-29fa37aa16b7,595.84,100.0,88.0,89444.0,97887.0,496.23,80.0,2647.0,
2026-08-09T02:39:50.695867Z,2.251953125,2.71484375,2.88720703125,116687.2421875,126455.4765625,890.8515625,NVIDIA RTX PRO 6000 Blackwell Workstation Edition,GPU-8cfe9244-1717-6a32-51e7-29fa37aa16b7,595.84,100.0,81.0,89444.0,97887.0,468.51,80.0,2827.0,
2026-08-09T02:39:51.721755Z,2.251953125,2.71484375,2.88720703125,116672.5625,126455.4765625,890.8515625,NVIDIA RTX PRO 6000 Blackwell Workstation Edition,GPU-8cfe9244-1717-6a32-51e7-29fa37aa16b7,595.84,100.0,86.0,89444.0,97887.0,509.05,82.0,2797.0,
2026-08-09T02:39:52.745418Z,2.2314453125,2.70263671875,2.88232421875,116692.60546875,126455.4765625,890.8515625,NVIDIA RTX PRO 6000 Blackwell Workstation Edition,GPU-8cfe9244-1717-6a32-51e7-29fa37aa16b7,595.84,100.0,87.0,89444.0,97887.0,469.22,79.0,2827.0,
2026-08-09T02:39:53.772028Z,2.2314453125,2.70263671875,2.88232421875,116691.50390625,126455.4765625,890.8515625,NVIDIA RTX PRO 6000 Blackwell Workstation Edition,GPU-8cfe9244-1717-6a32-51e7-29fa37aa16b7,595.84,100.0,87.0,89444.0,97887.0,479.94,79.0,2797.0,
2026-08-09T02:39:54.790670Z,2.2314453125,2.70263671875,2.88232421875,116695.03515625,126455.4765625,890.8515625,NVIDIA RTX PRO 6000 Blackwell Workstation Edition,GPU-8cfe9244-1717-6a32-51e7-29fa37aa16b7,595.84,100.0,86.0,89444.0,97887.0,481.97,80.0,2797.0,
2026-08-09T02:39:55.807118Z,2.2314453125,2.70263671875,2.88232421875,116655.82421875,126455.4765625,890.8515625,NVIDIA RTX PRO 6000 Blackwell Workstation Edition,GPU-8cfe9244-1717-6a32-51e7-29fa37aa16b7,595.84,100.0,86.0,89444.0,97887.0,516.43,80.0,2797.0,
2026-08-09T02:39:56.831076Z,2.2314453125,2.70263671875,2.88232421875,116663.9296875,126455.4765625,890.8515625,NVIDIA RTX PRO 6000 Blackwell Workstation Edition,GPU-8cfe9244-1717-6a32-51e7-29fa37aa16b7,595.84,100.0,88.0,89444.0,97887.0,492.57,80.0,2827.0,
2026-08-09T02:39:57.854896Z,2.212890625,2.69091796875,2.87744140625,116674.53515625,126455.4765625,890.8515625,NVIDIA RTX PRO 6000 Blackwell Workstation Edition,GPU-8cfe9244-1717-6a32-51e7-29fa37aa16b7,595.84,100.0,60.0,89444.0,97887.0,488.12,86.0,2797.0,
2026-08-09T02:39:58.877307Z,2.212890625,2.69091796875,2.87744140625,116693.15625,126455.4765625,890.85546875,NVIDIA RTX PRO 6000 Blackwell Workstation Edition,GPU-8cfe9244-1717-6a32-51e7-29fa37aa16b7,595.84,100.0,88.0,89444.0,97887.0,516.49,80.0,2595.0,
2026-08-09T02:39:59.901233Z,2.212890625,2.69091796875,2.87744140625,116707.60546875,126455.4765625,890.85546875,NVIDIA RTX PRO 6000 Blackwell Workstation Edition,GPU-8cfe9244-1717-6a32-51e7-29fa37aa16b7,595.84,100.0,86.0,89444.0,97887.0,463.98,80.0,2820.0,
2026-08-09T02:40:00.924806Z,2.212890625,2.69091796875,2.87744140625,116684.015625,126455.4765625,890.85546875,NVIDIA RTX PRO 6000 Blackwell Workstation Edition,GPU-8cfe9244-1717-6a32-51e7-29fa37aa16b7,595.84,100.0,86.0,89444.0,97887.0,465.56,80.0,2820.0,
2026-08-09T02:40:01.949463Z,2.212890625,2.69091796875,2.87744140625,116664.86328125,126455.4765625,890.85546875,NVIDIA RTX PRO 6000 Blackwell Workstation Edition,GPU-8cfe9244-1717-6a32-51e7-29fa37aa16b7,595.84,100.0,88.0,89444.0,97887.0,506.29,81.0,2775.0,
2026-08-09T02:40:02.976972Z,2.19580078125,2.67919921875,2.87255859375,116664.9296875,126455.4765625,890.85546875,NVIDIA RTX PRO 6000 Blackwell Workstation Edition,GPU-8cfe9244-1717-6a32-51e7-29fa37aa16b7,595.84,100.0,87.0,89444.0,97887.0,495.26,80.0,2797.0,
2026-08-09T02:40:04.000970Z,2.19580078125,2.67919921875,2.87255859375,116662.33203125,126455.4765625,890.85546875,NVIDIA RTX PRO 6000 Blackwell Workstation Edition,GPU-8cfe9244-1717-6a32-51e7-29fa37aa16b7,595.84,100.0,87.0,89444.0,97887.0,484.72,80.0,2722.0,
2026-08-09T02:40:05.026594Z,2.19580078125,2.67919921875,2.87255859375,116677.0234375,126455.4765625,890.85546875,NVIDIA RTX PRO 6000 Blackwell Workstation Edition,GPU-8cfe9244-1717-6a32-51e7-29fa37aa16b7,595.84,100.0,87.0,89444.0,97887.0,495.85,80.0,2827.0,
2026-08-09T02:40:06.051574Z,2.19580078125,2.67919921875,2.87255859375,116694.4765625,126455.4765625,890.85546875,NVIDIA RTX PRO 6000 Blackwell Workstation Edition,GPU-8cfe9244-1717-6a32-51e7-29fa37aa16b7,595.84,100.0,86.0,89444.0,97887.0,484.44,80.0,2820.0,
2026-08-09T02:40:07.079372Z,2.19580078125,2.67919921875,2.87255859375,116735.80859375,126455.4765625,890.85546875,NVIDIA RTX PRO 6000 Blackwell Workstation Edition,GPU-8cfe9244-1717-6a32-51e7-29fa37aa16b7,595.84,100.0,88.0,89444.0,97887.0,505.93,80.0,2827.0,
2026-08-09T02:40:08.103543Z,2.099609375,2.65087890625,2.8623046875,116722.515625,126455.4765625,890.85546875,NVIDIA RTX PRO 6000 Blackwell Workstation Edition,GPU-8cfe9244-1717-6a32-51e7-29fa37aa16b7,595.84,100.0,87.0,89444.0,97887.0,483.6,80.0,2827.0,
2026-08-09T02:40:09.130090Z,2.099609375,2.65087890625,2.8623046875,116729.91796875,126455.4765625,890.86328125,NVIDIA RTX PRO 6000 Blackwell Workstation Edition,GPU-8cfe9244-1717-6a32-51e7-29fa37aa16b7,595.84,100.0,88.0,89444.0,97887.0,485.35,80.0,2797.0,
2026-08-09T02:40:10.155108Z,2.099609375,2.65087890625,2.8623046875,116720.40234375,126455.4765625,890.86328125,NVIDIA RTX PRO 6000 Blackwell Workstation Edition,GPU-8cfe9244-1717-6a32-51e7-29fa37aa16b7,595.84,100.0,86.0,89444.0,97887.0,487.97,80.0,2820.0,
2026-08-09T02:40:11.183230Z,2.099609375,2.65087890625,2.8623046875,116733.19140625,126455.4765625,890.86328125,NVIDIA RTX PRO 6000 Blackwell Workstation Edition,GPU-8cfe9244-1717-6a32-51e7-29fa37aa16b7,595.84,100.0,81.0,89444.0,97887.0,505.9,81.0,2655.0,
2026-08-09T02:40:12.206258Z,2.171875,2.65673828125,2.86328125,116758.1953125,126455.4765625,890.86328125,NVIDIA RTX PRO 6000 Blackwell Workstation Edition,GPU-8cfe9244-1717-6a32-51e7-29fa37aa16b7,595.84,100.0,87.0,89444.0,97887.0,500.05,80.0,2827.0,
2026-08-09T02:40:13.230809Z,2.171875,2.65673828125,2.86328125,116757.90625,126455.4765625,890.86328125,NVIDIA RTX PRO 6000 Blackwell Workstation Edition,GPU-8cfe9244-1717-6a32-51e7-29fa37aa16b7,595.84,100.0,85.0,89444.0,97887.0,464.36,80.0,2797.0,
2026-08-09T02:40:14.254174Z,2.171875,2.65673828125,2.86328125,116727.15625,126455.4765625,890.86328125,NVIDIA RTX PRO 6000 Blackwell Workstation Edition,GPU-8cfe9244-1717-6a32-51e7-29fa37aa16b7,595.84,100.0,83.0,89444.0,97887.0,487.01,80.0,2797.0,
2026-08-09T02:40:15.272286Z,2.171875,2.65673828125,2.86328125,116730.94140625,126455.4765625,890.86328125,NVIDIA RTX PRO 6000 Blackwell Workstation Edition,GPU-8cfe9244-1717-6a32-51e7-29fa37aa16b7,595.84,100.0,85.0,89444.0,97887.0,519.01,81.0,2722.0,
2026-08-09T02:40:16.301535Z,2.171875,2.65673828125,2.86328125,116715.4921875,126455.4765625,890.86328125,NVIDIA RTX PRO 6000 Blackwell Workstation Edition,GPU-8cfe9244-1717-6a32-51e7-29fa37aa16b7,595.84,100.0,88.0,89444.0,97887.0,520.07,81.0,2647.0,
2026-08-09T02:40:17.326153Z,2.15771484375,2.6455078125,2.8583984375,116696.9453125,126455.4765625,890.86328125,NVIDIA RTX PRO 6000 Blackwell Workstation Edition,GPU-8cfe9244-1717-6a32-51e7-29fa37aa16b7,595.84,100.0,87.0,89444.0,97887.0,471.82,80.0,2827.0,
2026-08-09T02:40:18.345154Z,2.15771484375,2.6455078125,2.8583984375,116765.24609375,126455.4765625,890.86328125,NVIDIA RTX PRO 6000 Blackwell Workstation Edition,GPU-8cfe9244-1717-6a32-51e7-29fa37aa16b7,595.84,100.0,86.0,89444.0,97887.0,483.02,80.0,2827.0,
2026-08-09T02:40:19.369371Z,2.15771484375,2.6455078125,2.8583984375,116749.8828125,126455.4765625,890.86328125,NVIDIA RTX PRO 6000 Blackwell Workstation Edition,GPU-8cfe9244-1717-6a32-51e7-29fa37aa16b7,595.84,100.0,89.0,89444.0,97887.0,488.58,80.0,2805.0,
2026-08-09T02:40:20.394465Z,2.15771484375,2.6455078125,2.8583984375,116736.95703125,126455.4765625,890.87109375,NVIDIA RTX PRO 6000 Blackwell Workstation Edition,GPU-8cfe9244-1717-6a32-51e7-29fa37aa16b7,595.84,100.0,81.0,89444.0,97887.0,491.03,82.0,2797.0,
2026-08-09T02:40:21.411487Z,2.15771484375,2.6455078125,2.8583984375,116737.5078125,126455.4765625,890.87109375,NVIDIA RTX PRO 6000 Blackwell Workstation Edition,GPU-8cfe9244-1717-6a32-51e7-29fa37aa16b7,595.84,100.0,78.0,89444.0,97887.0,507.23,85.0,2820.0,
2026-08-09T02:40:22.435195Z,2.06494140625,2.6181640625,2.84814453125,116685.6640625,126455.4765625,890.87109375,NVIDIA RTX PRO 6000 Blackwell Workstation Edition,GPU-8cfe9244-1717-6a32-51e7-29fa37aa16b7,595.84,100.0,87.0,89444.0,97887.0,491.98,80.0,2797.0,
2026-08-09T02:40:23.460978Z,2.06494140625,2.6181640625,2.84814453125,116748.83984375,126455.4765625,890.87109375,NVIDIA RTX PRO 6000 Blackwell Workstation Edition,GPU-8cfe9244-1717-6a32-51e7-29fa37aa16b7,595.84,100.0,81.0,89444.0,97887.0,504.96,82.0,2797.0,
2026-08-09T02:40:24.484861Z,2.06494140625,2.6181640625,2.84814453125,116752.31640625,126455.4765625,890.87109375,NVIDIA RTX PRO 6000 Blackwell Workstation Edition,GPU-8cfe9244-1717-6a32-51e7-29fa37aa16b7,595.84,100.0,69.0,89444.0,97887.0,475.6,86.0,2827.0,
2026-08-09T02:40:25.508860Z,2.06494140625,2.6181640625,2.84814453125,116748.359375,126455.4765625,890.87109375,NVIDIA RTX PRO 6000 Blackwell Workstation Edition,GPU-8cfe9244-1717-6a32-51e7-29fa37aa16b7,595.84,100.0,87.0,89444.0,97887.0,494.71,80.0,2797.0,
2026-08-09T02:40:26.531220Z,2.06494140625,2.6181640625,2.84814453125,116722.10546875,126455.4765625,890.87109375,NVIDIA RTX PRO 6000 Blackwell Workstation Edition,GPU-8cfe9244-1717-6a32-51e7-29fa37aa16b7,595.84,100.0,88.0,89444.0,97887.0,490.86,80.0,2827.0,
2026-08-09T02:40:27.553796Z,1.9794921875,2.5908203125,2.837890625,116710.08984375,126455.4765625,890.87109375,NVIDIA RTX PRO 6000 Blackwell Workstation Edition,GPU-8cfe9244-1717-6a32-51e7-29fa37aa16b7,595.84,100.0,86.0,89444.0,97887.0,467.01,80.0,2820.0,
2026-08-09T02:40:28.578348Z,1.9794921875,2.5908203125,2.837890625,116726.59765625,126455.4765625,890.87109375,NVIDIA RTX PRO 6000 Blackwell Workstation Edition,GPU-8cfe9244-1717-6a32-51e7-29fa37aa16b7,595.84,100.0,81.0,89444.0,97887.0,480.69,81.0,2827.0,
2026-08-09T02:40:29.606438Z,1.9794921875,2.5908203125,2.837890625,116742.34765625,126455.4765625,890.87109375,NVIDIA RTX PRO 6000 Blackwell Workstation Edition,GPU-8cfe9244-1717-6a32-51e7-29fa37aa16b7,595.84,100.0,87.0,89444.0,97887.0,479.49,80.0,2797.0,
2026-08-09T02:40:30.629106Z,1.9794921875,2.5908203125,2.837890625,116726.36328125,126455.4765625,890.87109375,NVIDIA RTX PRO 6000 Blackwell Workstation Edition,GPU-8cfe9244-1717-6a32-51e7-29fa37aa16b7,595.84,100.0,86.0,89444.0,97887.0,502.58,80.0,2647.0,
2026-08-09T02:40:31.660856Z,1.9794921875,2.5908203125,2.837890625,116725.34765625,126455.4765625,890.87109375,NVIDIA RTX PRO 6000 Blackwell Workstation Edition,GPU-8cfe9244-1717-6a32-51e7-29fa37aa16b7,595.84,100.0,88.0,89444.0,97887.0,491.95,80.0,2812.0,
2026-08-09T02:40:32.683296Z,1.9814453125,2.58056640625,2.8330078125,116705.0625,126455.4765625,890.87109375,NVIDIA RTX PRO 6000 Blackwell Workstation Edition,GPU-8cfe9244-1717-6a32-51e7-29fa37aa16b7,595.84,100.0,81.0,89444.0,97887.0,493.9,82.0,2827.0,
2026-08-09T02:40:33.706498Z,1.9814453125,2.58056640625,2.8330078125,116734.1015625,126455.4765625,890.87109375,NVIDIA RTX PRO 6000 Blackwell Workstation Edition,GPU-8cfe9244-1717-6a32-51e7-29fa37aa16b7,595.84,100.0,86.0,89444.0,97887.0,486.95,80.0,2797.0,
2026-08-09T02:40:34.731315Z,1.9814453125,2.58056640625,2.8330078125,116731.296875,126455.4765625,890.87109375,NVIDIA RTX PRO 6000 Blackwell Workstation Edition,GPU-8cfe9244-1717-6a32-51e7-29fa37aa16b7,595.84,100.0,87.0,89444.0,97887.0,467.3,80.0,2827.0,
2026-08-09T02:40:35.755387Z,1.9814453125,2.58056640625,2.8330078125,116735.90625,126455.4765625,890.8828125,NVIDIA RTX PRO 6000 Blackwell Workstation Edition,GPU-8cfe9244-1717-6a32-51e7-29fa37aa16b7,595.84,100.0,85.0,89444.0,97887.0,505.05,80.0,2812.0,
2026-08-09T02:40:36.779884Z,1.9814453125,2.58056640625,2.8330078125,116751.11328125,126455.4765625,890.8828125,NVIDIA RTX PRO 6000 Blackwell Workstation Edition,GPU-8cfe9244-1717-6a32-51e7-29fa37aa16b7,595.84,100.0,88.0,89444.0,97887.0,479.41,80.0,2827.0,
2026-08-09T02:40:37.802925Z,1.90283203125,2.55419921875,2.82275390625,116752.22265625,126455.4765625,890.8828125,NVIDIA RTX PRO 6000 Blackwell Workstation Edition,GPU-8cfe9244-1717-6a32-51e7-29fa37aa16b7,595.84,100.0,87.0,89444.0,97887.0,476.63,80.0,2797.0,
2026-08-09T02:40:38.820073Z,1.90283203125,2.55419921875,2.82275390625,116749.515625,126455.4765625,890.8828125,NVIDIA RTX PRO 6000 Blackwell Workstation Edition,GPU-8cfe9244-1717-6a32-51e7-29fa37aa16b7,595.84,100.0,88.0,89444.0,97887.0,489.85,80.0,2827.0,
2026-08-09T02:40:39.846648Z,1.90283203125,2.55419921875,2.82275390625,116731.94921875,126455.4765625,890.8828125,NVIDIA RTX PRO 6000 Blackwell Workstation Edition,GPU-8cfe9244-1717-6a32-51e7-29fa37aa16b7,595.84,100.0,86.0,89444.0,97887.0,487.53,80.0,2730.0,
2026-08-09T02:40:40.870943Z,1.90283203125,2.55419921875,2.82275390625,116684.8203125,126455.4765625,890.8828125,NVIDIA RTX PRO 6000 Blackwell Workstation Edition,GPU-8cfe9244-1717-6a32-51e7-29fa37aa16b7,595.84,100.0,86.0,89444.0,97887.0,504.9,80.0,2797.0,
2026-08-09T02:40:41.895641Z,1.90283203125,2.55419921875,2.82275390625,116681.21484375,126455.4765625,890.8828125,NVIDIA RTX PRO 6000 Blackwell Workstation Edition,GPU-8cfe9244-1717-6a32-51e7-29fa37aa16b7,595.84,100.0,87.0,89444.0,97887.0,465.95,80.0,2827.0,
2026-08-09T02:40:42.919026Z,1.91064453125,2.544921875,2.81787109375,116671.0078125,126455.4765625,890.8828125,NVIDIA RTX PRO 6000 Blackwell Workstation Edition,GPU-8cfe9244-1717-6a32-51e7-29fa37aa16b7,595.84,100.0,86.0,89444.0,97887.0,487.45,80.0,2797.0,
2026-08-09T02:40:43.940434Z,1.91064453125,2.544921875,2.81787109375,116698.03515625,126455.4765625,890.8828125,NVIDIA RTX PRO 6000 Blackwell Workstation Edition,GPU-8cfe9244-1717-6a32-51e7-29fa37aa16b7,595.84,100.0,85.0,89444.0,97887.0,472.31,82.0,2820.0,
2026-08-09T02:40:44.965954Z,1.91064453125,2.544921875,2.81787109375,116700.1328125,126455.4765625,890.8828125,NVIDIA RTX PRO 6000 Blackwell Workstation Edition,GPU-8cfe9244-1717-6a32-51e7-29fa37aa16b7,595.84,100.0,84.0,89444.0,97887.0,503.82,80.0,2700.0,
2026-08-09T02:40:45.992934Z,1.91064453125,2.544921875,2.81787109375,116708.609375,126455.4765625,890.8828125,NVIDIA RTX PRO 6000 Blackwell Workstation Edition,GPU-8cfe9244-1717-6a32-51e7-29fa37aa16b7,595.84,100.0,86.0,89444.0,97887.0,504.48,80.0,2812.0,
2026-08-09T02:40:47.010872Z,1.91064453125,2.544921875,2.81787109375,116720.35546875,126455.4765625,890.8828125,NVIDIA RTX PRO 6000 Blackwell Workstation Edition,GPU-8cfe9244-1717-6a32-51e7-29fa37aa16b7,595.84,100.0,82.0,89444.0,97887.0,516.3,82.0,2827.0,
2026-08-09T02:40:48.035080Z,1.83740234375,2.51904296875,2.80810546875,116716.109375,126455.4765625,890.8828125,NVIDIA RTX PRO 6000 Blackwell Workstation Edition,GPU-8cfe9244-1717-6a32-51e7-29fa37aa16b7,595.84,100.0,87.0,89444.0,97887.0,471.63,80.0,2797.0,
2026-08-09T02:40:49.058400Z,1.83740234375,2.51904296875,2.80810546875,116694.46484375,126455.4765625,890.8828125,NVIDIA RTX PRO 6000 Blackwell Workstation Edition,GPU-8cfe9244-1717-6a32-51e7-29fa37aa16b7,595.84,100.0,87.0,89444.0,97887.0,477.41,80.0,2827.0,
2026-08-09T02:40:50.085918Z,1.83740234375,2.51904296875,2.80810546875,116684.5390625,126455.4765625,890.8828125,NVIDIA RTX PRO 6000 Blackwell Workstation Edition,GPU-8cfe9244-1717-6a32-51e7-29fa37aa16b7,595.84,100.0,87.0,89444.0,97887.0,495.69,80.0,2647.0,
2026-08-09T02:40:51.111255Z,1.83740234375,2.51904296875,2.80810546875,116691.27734375,126455.4765625,890.8828125,NVIDIA RTX PRO 6000 Blackwell Workstation Edition,GPU-8cfe9244-1717-6a32-51e7-29fa37aa16b7,595.84,100.0,81.0,89444.0,97887.0,480.94,81.0,2827.0,
2026-08-09T02:40:52.138274Z,1.77001953125,2.49365234375,2.79833984375,116683.16015625,126455.4765625,890.8828125,NVIDIA RTX PRO 6000 Blackwell Workstation Edition,GPU-8cfe9244-1717-6a32-51e7-29fa37aa16b7,595.84,100.0,88.0,89444.0,97887.0,477.56,80.0,2820.0,
2026-08-09T02:40:53.162674Z,1.77001953125,2.49365234375,2.79833984375,116670.53125,126455.4765625,890.8828125,NVIDIA RTX PRO 6000 Blackwell Workstation Edition,GPU-8cfe9244-1717-6a32-51e7-29fa37aa16b7,595.84,100.0,83.0,89444.0,97887.0,507.73,81.0,2700.0,
2026-08-09T02:40:54.186063Z,1.77001953125,2.49365234375,2.79833984375,116696.6015625,126455.4765625,890.8828125,NVIDIA RTX PRO 6000 Blackwell Workstation Edition,GPU-8cfe9244-1717-6a32-51e7-29fa37aa16b7,595.84,100.0,88.0,89444.0,97887.0,486.67,80.0,2827.0,
2026-08-09T02:40:55.205867Z,1.77001953125,2.49365234375,2.79833984375,116700.92578125,126455.4765625,890.8828125,NVIDIA RTX PRO 6000 Blackwell Workstation Edition,GPU-8cfe9244-1717-6a32-51e7-29fa37aa16b7,595.84,100.0,85.0,89444.0,97887.0,468.89,80.0,2827.0,
2026-08-09T02:40:56.225752Z,1.77001953125,2.49365234375,2.79833984375,116667.0703125,126455.4765625,890.8828125,NVIDIA RTX PRO 6000 Blackwell Workstation Edition,GPU-8cfe9244-1717-6a32-51e7-29fa37aa16b7,595.84,100.0,85.0,89444.0,97887.0,481.78,79.0,2827.0,
2026-08-09T02:40:57.242195Z,1.7080078125,2.46875,2.78857421875,116691.93359375,126455.4765625,890.8828125,NVIDIA RTX PRO 6000 Blackwell Workstation Edition,GPU-8cfe9244-1717-6a32-51e7-29fa37aa16b7,595.84,100.0,83.0,89444.0,97887.0,502.1,83.0,2812.0,
2026-08-09T02:40:58.265499Z,1.7080078125,2.46875,2.78857421875,116690.9140625,126455.4765625,890.8828125,NVIDIA RTX PRO 6000 Blackwell Workstation Edition,GPU-8cfe9244-1717-6a32-51e7-29fa37aa16b7,595.84,100.0,86.0,89444.0,97887.0,511.5,80.0,2797.0,
2026-08-09T02:40:59.290312Z,1.7080078125,2.46875,2.78857421875,116706.5625,126455.4765625,890.8828125,NVIDIA RTX PRO 6000 Blackwell Workstation Edition,GPU-8cfe9244-1717-6a32-51e7-29fa37aa16b7,595.84,100.0,88.0,89444.0,97887.0,474.66,80.0,2827.0,
2026-08-09T02:41:00.306938Z,1.7080078125,2.46875,2.78857421875,116707.25390625,126455.4765625,890.8828125,NVIDIA RTX PRO 6000 Blackwell Workstation Edition,GPU-8cfe9244-1717-6a32-51e7-29fa37aa16b7,595.84,100.0,84.0,89444.0,97887.0,496.94,83.0,2797.0,
2026-08-09T02:41:01.333998Z,1.7080078125,2.46875,2.78857421875,116688.59765625,126455.4765625,890.8828125,NVIDIA RTX PRO 6000 Blackwell Workstation Edition,GPU-8cfe9244-1717-6a32-51e7-29fa37aa16b7,595.84,100.0,88.0,89444.0,97887.0,493.48,80.0,2670.0,
2026-08-09T02:41:02.358085Z,1.65087890625,2.4443359375,2.77880859375,116671.48828125,126455.4765625,890.8828125,NVIDIA RTX PRO 6000 Blackwell Workstation Edition,GPU-8cfe9244-1717-6a32-51e7-29fa37aa16b7,595.84,100.0,86.0,89444.0,97887.0,489.57,80.0,2662.0,
2026-08-09T02:41:03.384212Z,1.65087890625,2.4443359375,2.77880859375,116656.39453125,126455.4765625,890.8828125,NVIDIA RTX PRO 6000 Blackwell Workstation Edition,GPU-8cfe9244-1717-6a32-51e7-29fa37aa16b7,595.84,100.0,87.0,89444.0,97887.0,487.08,80.0,2797.0,
2026-08-09T02:41:04.402447Z,1.65087890625,2.4443359375,2.77880859375,116646.8671875,126455.4765625,890.8828125,NVIDIA RTX PRO 6000 Blackwell Workstation Edition,GPU-8cfe9244-1717-6a32-51e7-29fa37aa16b7,595.84,100.0,66.0,89444.0,97887.0,523.51,82.0,2790.0,
2026-08-09T02:41:05.427253Z,1.65087890625,2.4443359375,2.77880859375,116722.79296875,126455.4765625,890.8828125,NVIDIA RTX PRO 6000 Blackwell Workstation Edition,GPU-8cfe9244-1717-6a32-51e7-29fa37aa16b7,595.84,100.0,87.0,89444.0,97887.0,478.83,80.0,2797.0,
2026-08-09T02:41:06.452093Z,1.65087890625,2.4443359375,2.77880859375,116711.06640625,126455.4765625,890.8828125,NVIDIA RTX PRO 6000 Blackwell Workstation Edition,GPU-8cfe9244-1717-6a32-51e7-29fa37aa16b7,595.84,100.0,82.0,89444.0,97887.0,480.15,81.0,2827.0,
2026-08-09T02:41:07.475320Z,1.5986328125,2.419921875,2.76904296875,116706.2578125,126455.4765625,890.8828125,NVIDIA RTX PRO 6000 Blackwell Workstation Edition,GPU-8cfe9244-1717-6a32-51e7-29fa37aa16b7,595.84,100.0,80.0,89444.0,97887.0,523.87,81.0,2745.0,
2026-08-09T02:41:08.500050Z,1.5986328125,2.419921875,2.76904296875,116714.9296875,126455.4765625,890.8828125,NVIDIA RTX PRO 6000 Blackwell Workstation Edition,GPU-8cfe9244-1717-6a32-51e7-29fa37aa16b7,595.84,100.0,81.0,89444.0,97887.0,494.79,80.0,2722.0,
2026-08-09T02:41:09.527656Z,1.5986328125,2.419921875,2.76904296875,116713.12890625,126455.4765625,890.8828125,NVIDIA RTX PRO 6000 Blackwell Workstation Edition,GPU-8cfe9244-1717-6a32-51e7-29fa37aa16b7,595.84,100.0,89.0,89444.0,97887.0,485.0,80.0,2797.0,
2026-08-09T02:41:10.551044Z,1.5986328125,2.419921875,2.76904296875,116726.20703125,126455.4765625,890.8828125,NVIDIA RTX PRO 6000 Blackwell Workstation Edition,GPU-8cfe9244-1717-6a32-51e7-29fa37aa16b7,595.84,100.0,63.0,89444.0,97887.0,484.97,81.0,2820.0,
2026-08-09T02:41:11.575206Z,1.5986328125,2.419921875,2.76904296875,116736.3359375,126455.4765625,890.8828125,NVIDIA RTX PRO 6000 Blackwell Workstation Edition,GPU-8cfe9244-1717-6a32-51e7-29fa37aa16b7,595.84,100.0,58.0,89444.0,97887.0,505.73,81.0,2820.0,
2026-08-09T02:41:12.598344Z,1.55029296875,2.39599609375,2.75927734375,116738.6953125,126455.4765625,890.8828125,NVIDIA RTX PRO 6000 Blackwell Workstation Edition,GPU-8cfe9244-1717-6a32-51e7-29fa37aa16b7,595.84,100.0,82.0,89444.0,97887.0,483.15,80.0,2827.0,
2026-08-09T02:41:13.622219Z,1.55029296875,2.39599609375,2.75927734375,116736.16015625,126455.4765625,890.8828125,NVIDIA RTX PRO 6000 Blackwell Workstation Edition,GPU-8cfe9244-1717-6a32-51e7-29fa37aa16b7,595.84,100.0,87.0,89444.0,97887.0,462.3,80.0,2827.0,
2026-08-09T02:41:14.648058Z,1.55029296875,2.39599609375,2.75927734375,116741.3515625,126455.4765625,890.8828125,NVIDIA RTX PRO 6000 Blackwell Workstation Edition,GPU-8cfe9244-1717-6a32-51e7-29fa37aa16b7,595.84,100.0,88.0,89444.0,97887.0,497.76,81.0,2790.0,
2026-08-09T02:41:15.670842Z,1.55029296875,2.39599609375,2.75927734375,116721.3671875,126455.4765625,890.8828125,NVIDIA RTX PRO 6000 Blackwell Workstation Edition,GPU-8cfe9244-1717-6a32-51e7-29fa37aa16b7,595.84,100.0,85.0,89444.0,97887.0,475.82,80.0,2827.0,
2026-08-09T02:41:16.687128Z,1.55029296875,2.39599609375,2.75927734375,116711.96484375,126455.4765625,890.8828125,NVIDIA RTX PRO 6000 Blackwell Workstation Edition,GPU-8cfe9244-1717-6a32-51e7-29fa37aa16b7,595.84,100.0,82.0,89444.0,97887.0,512.63,81.0,2760.0,
2026-08-09T02:41:17.710032Z,1.505859375,2.37255859375,2.74951171875,116738.734375,126455.4765625,890.8828125,NVIDIA RTX PRO 6000 Blackwell Workstation Edition,GPU-8cfe9244-1717-6a32-51e7-29fa37aa16b7,595.84,100.0,86.0,89444.0,97887.0,501.4,80.0,2805.0,
2026-08-09T02:41:18.735072Z,1.505859375,2.37255859375,2.74951171875,116724.9609375,126455.4765625,890.8828125,NVIDIA RTX PRO 6000 Blackwell Workstation Edition,GPU-8cfe9244-1717-6a32-51e7-29fa37aa16b7,595.84,100.0,83.0,89444.0,97887.0,475.21,81.0,2827.0,
2026-08-09T02:41:19.755753Z,1.505859375,2.37255859375,2.74951171875,116717.8359375,126455.4765625,890.8828125,NVIDIA RTX PRO 6000 Blackwell Workstation Edition,GPU-8cfe9244-1717-6a32-51e7-29fa37aa16b7,595.84,100.0,87.0,89444.0,97887.0,498.58,80.0,2827.0,
2026-08-09T02:41:20.779971Z,1.505859375,2.37255859375,2.74951171875,116708.79296875,126455.4765625,890.89453125,NVIDIA RTX PRO 6000 Blackwell Workstation Edition,GPU-8cfe9244-1717-6a32-51e7-29fa37aa16b7,595.84,100.0,86.0,89444.0,97887.0,469.22,80.0,2797.0,
2026-08-09T02:41:21.805679Z,1.505859375,2.37255859375,2.74951171875,116707.62890625,126455.4765625,890.89453125,NVIDIA RTX PRO 6000 Blackwell Workstation Edition,GPU-8cfe9244-1717-6a32-51e7-29fa37aa16b7,595.84,100.0,88.0,89444.0,97887.0,509.05,81.0,2647.0,
2026-08-09T02:41:22.829086Z,1.46533203125,2.349609375,2.73974609375,116709.56640625,126455.4765625,890.89453125,NVIDIA RTX PRO 6000 Blackwell Workstation Edition,GPU-8cfe9244-1717-6a32-51e7-29fa37aa16b7,595.84,100.0,81.0,89444.0,97887.0,509.32,80.0,2827.0,
2026-08-09T02:41:23.854339Z,1.46533203125,2.349609375,2.73974609375,116722.3359375,126455.4765625,890.89453125,NVIDIA RTX PRO 6000 Blackwell Workstation Edition,GPU-8cfe9244-1717-6a32-51e7-29fa37aa16b7,595.84,100.0,69.0,89444.0,97887.0,507.91,81.0,2797.0,
2026-08-09T02:41:24.878101Z,1.46533203125,2.349609375,2.73974609375,116713.296875,126455.4765625,890.89453125,NVIDIA RTX PRO 6000 Blackwell Workstation Edition,GPU-8cfe9244-1717-6a32-51e7-29fa37aa16b7,595.84,100.0,87.0,89444.0,97887.0,490.93,80.0,2820.0,
2026-08-09T02:41:25.902820Z,1.46533203125,2.349609375,2.73974609375,116714.48828125,126455.4765625,890.89453125,NVIDIA RTX PRO 6000 Blackwell Workstation Edition,GPU-8cfe9244-1717-6a32-51e7-29fa37aa16b7,595.84,100.0,87.0,89444.0,97887.0,491.46,80.0,2647.0,
2026-08-09T02:41:26.928657Z,1.46533203125,2.349609375,2.73974609375,116675.78515625,126455.4765625,890.89453125,NVIDIA RTX PRO 6000 Blackwell Workstation Edition,GPU-8cfe9244-1717-6a32-51e7-29fa37aa16b7,595.84,100.0,88.0,89444.0,97887.0,473.88,80.0,2827.0,
2026-08-09T02:41:27.952801Z,1.427734375,2.3271484375,2.72998046875,116681.86328125,126455.4765625,890.89453125,NVIDIA RTX PRO 6000 Blackwell Workstation Edition,GPU-8cfe9244-1717-6a32-51e7-29fa37aa16b7,595.84,100.0,86.0,89444.0,97887.0,475.13,81.0,2797.0,
2026-08-09T02:41:28.978702Z,1.427734375,2.3271484375,2.72998046875,116681.09765625,126455.4765625,890.89453125,NVIDIA RTX PRO 6000 Blackwell Workstation Edition,GPU-8cfe9244-1717-6a32-51e7-29fa37aa16b7,595.84,100.0,77.0,89444.0,97887.0,487.08,80.0,2767.0,
2026-08-09T02:41:30.003952Z,1.427734375,2.3271484375,2.72998046875,116680.63671875,126455.4765625,890.89453125,NVIDIA RTX PRO 6000 Blackwell Workstation Edition,GPU-8cfe9244-1717-6a32-51e7-29fa37aa16b7,595.84,100.0,87.0,89444.0,97887.0,494.42,80.0,2782.0,
2026-08-09T02:41:31.021434Z,1.427734375,2.3271484375,2.72998046875,116686.57421875,126455.4765625,890.89453125,NVIDIA RTX PRO 6000 Blackwell Workstation Edition,GPU-8cfe9244-1717-6a32-51e7-29fa37aa16b7,595.84,100.0,87.0,89444.0,97887.0,490.36,80.0,2827.0,
2026-08-09T02:41:32.049521Z,1.427734375,2.3271484375,2.72998046875,116698.83984375,126455.4765625,890.89453125,NVIDIA RTX PRO 6000 Blackwell Workstation Edition,GPU-8cfe9244-1717-6a32-51e7-29fa37aa16b7,595.84,100.0,82.0,89444.0,97887.0,508.02,84.0,2812.0,
2026-08-09T02:41:33.074522Z,1.39306640625,2.3046875,2.72021484375,116682.390625,126455.4765625,890.89453125,NVIDIA RTX PRO 6000 Blackwell Workstation Edition,GPU-8cfe9244-1717-6a32-51e7-29fa37aa16b7,595.84,100.0,85.0,89444.0,97887.0,474.1,80.0,2797.0,
2026-08-09T02:41:34.094667Z,1.39306640625,2.3046875,2.72021484375,116689.08984375,126455.4765625,890.89453125,NVIDIA RTX PRO 6000 Blackwell Workstation Edition,GPU-8cfe9244-1717-6a32-51e7-29fa37aa16b7,595.84,100.0,86.0,89444.0,97887.0,473.95,83.0,2827.0,
2026-08-09T02:41:35.116885Z,1.39306640625,2.3046875,2.72021484375,116684.8203125,126455.4765625,890.89453125,NVIDIA RTX PRO 6000 Blackwell Workstation Edition,GPU-8cfe9244-1717-6a32-51e7-29fa37aa16b7,595.84,100.0,86.0,89444.0,97887.0,488.36,80.0,2820.0,
2026-08-09T02:41:36.141604Z,1.39306640625,2.3046875,2.72021484375,116668.375,126455.4765625,890.89453125,NVIDIA RTX PRO 6000 Blackwell Workstation Edition,GPU-8cfe9244-1717-6a32-51e7-29fa37aa16b7,595.84,100.0,87.0,89444.0,97887.0,496.98,85.0,2812.0,
2026-08-09T02:41:37.160904Z,1.361328125,2.28271484375,2.7109375,116664.3671875,126455.4765625,890.89453125,NVIDIA RTX PRO 6000 Blackwell Workstation Edition,GPU-8cfe9244-1717-6a32-51e7-29fa37aa16b7,595.84,100.0,88.0,89444.0,97887.0,508.77,80.0,2827.0,
2026-08-09T02:41:38.183910Z,1.361328125,2.28271484375,2.7109375,116669.24609375,126455.4765625,890.89453125,NVIDIA RTX PRO 6000 Blackwell Workstation Edition,GPU-8cfe9244-1717-6a32-51e7-29fa37aa16b7,595.84,100.0,86.0,89444.0,97887.0,497.54,81.0,2797.0,
2026-08-09T02:41:39.207624Z,1.361328125,2.28271484375,2.7109375,116683.75,126455.4765625,890.89453125,NVIDIA RTX PRO 6000 Blackwell Workstation Edition,GPU-8cfe9244-1717-6a32-51e7-29fa37aa16b7,595.84,100.0,87.0,89444.0,97887.0,473.53,80.0,2827.0,
2026-08-09T02:41:40.231491Z,1.361328125,2.28271484375,2.7109375,116704.40234375,126455.4765625,890.89453125,NVIDIA RTX PRO 6000 Blackwell Workstation Edition,GPU-8cfe9244-1717-6a32-51e7-29fa37aa16b7,595.84,100.0,86.0,89444.0,97887.0,485.09,80.0,2812.0,
2026-08-09T02:41:41.252978Z,1.361328125,2.28271484375,2.7109375,116711.39453125,126455.4765625,890.89453125,NVIDIA RTX PRO 6000 Blackwell Workstation Edition,GPU-8cfe9244-1717-6a32-51e7-29fa37aa16b7,595.84,100.0,85.0,89444.0,97887.0,488.91,80.0,2797.0,
2026-08-09T02:41:42.276717Z,1.57275390625,2.3115234375,2.71826171875,116710.6640625,126455.4765625,890.89453125,NVIDIA RTX PRO 6000 Blackwell Workstation Edition,GPU-8cfe9244-1717-6a32-51e7-29fa37aa16b7,595.84,100.0,87.0,89444.0,97887.0,476.85,80.0,2827.0,
2026-08-09T02:41:43.299700Z,1.57275390625,2.3115234375,2.71826171875,116705.15234375,126455.4765625,890.89453125,NVIDIA RTX PRO 6000 Blackwell Workstation Edition,GPU-8cfe9244-1717-6a32-51e7-29fa37aa16b7,595.84,100.0,85.0,89444.0,97887.0,504.27,80.0,2745.0,
2026-08-09T02:41:44.324040Z,1.57275390625,2.3115234375,2.71826171875,116722.54296875,126455.4765625,890.89453125,NVIDIA RTX PRO 6000 Blackwell Workstation Edition,GPU-8cfe9244-1717-6a32-51e7-29fa37aa16b7,595.84,100.0,57.0,89444.0,97887.0,490.34,86.0,2827.0,
2026-08-09T02:41:45.350019Z,1.57275390625,2.3115234375,2.71826171875,116729.28125,126455.4765625,890.89453125,NVIDIA RTX PRO 6000 Blackwell Workstation Edition,GPU-8cfe9244-1717-6a32-51e7-29fa37aa16b7,595.84,100.0,80.0,89444.0,97887.0,481.01,82.0,2797.0,
2026-08-09T02:41:46.376914Z,1.57275390625,2.3115234375,2.71826171875,116653.94140625,126455.4765625,890.89453125,NVIDIA RTX PRO 6000 Blackwell Workstation Edition,GPU-8cfe9244-1717-6a32-51e7-29fa37aa16b7,595.84,100.0,88.0,89444.0,97887.0,477.47,80.0,2797.0,
2026-08-09T02:41:47.396479Z,1.52685546875,2.28955078125,2.708984375,116707.95703125,126455.4765625,890.89453125,NVIDIA RTX PRO 6000 Blackwell Workstation Edition,GPU-8cfe9244-1717-6a32-51e7-29fa37aa16b7,595.84,100.0,86.0,89444.0,97887.0,488.38,80.0,2797.0,
2026-08-09T02:41:48.420538Z,1.52685546875,2.28955078125,2.708984375,116718.71875,126455.4765625,890.89453125,NVIDIA RTX PRO 6000 Blackwell Workstation Edition,GPU-8cfe9244-1717-6a32-51e7-29fa37aa16b7,595.84,100.0,82.0,89444.0,97887.0,481.92,80.0,2797.0,
2026-08-09T02:41:49.444081Z,1.52685546875,2.28955078125,2.708984375,116725.7421875,126455.4765625,890.89453125,NVIDIA RTX PRO 6000 Blackwell Workstation Edition,GPU-8cfe9244-1717-6a32-51e7-29fa37aa16b7,595.84,100.0,86.0,89444.0,97887.0,500.66,81.0,2827.0,
2026-08-09T02:41:50.469642Z,1.52685546875,2.28955078125,2.708984375,116712.640625,126455.4765625,890.89453125,NVIDIA RTX PRO 6000 Blackwell Workstation Edition,GPU-8cfe9244-1717-6a32-51e7-29fa37aa16b7,595.84,100.0,87.0,89444.0,97887.0,502.04,80.0,2790.0,
2026-08-09T02:41:51.494051Z,1.52685546875,2.28955078125,2.708984375,116697.79296875,126455.4765625,890.89453125,NVIDIA RTX PRO 6000 Blackwell Workstation Edition,GPU-8cfe9244-1717-6a32-51e7-29fa37aa16b7,595.84,100.0,88.0,89444.0,97887.0,462.61,80.0,2827.0,
2026-08-09T02:41:52.518153Z,1.484375,2.26806640625,2.69970703125,116700.390625,126455.4765625,890.89453125,NVIDIA RTX PRO 6000 Blackwell Workstation Edition,GPU-8cfe9244-1717-6a32-51e7-29fa37aa16b7,595.84,100.0,81.0,89444.0,97887.0,493.82,84.0,2827.0,
2026-08-09T02:41:53.542319Z,1.484375,2.26806640625,2.69970703125,116683.8125,126455.4765625,890.89453125,NVIDIA RTX PRO 6000 Blackwell Workstation Edition,GPU-8cfe9244-1717-6a32-51e7-29fa37aa16b7,595.84,100.0,87.0,89444.0,97887.0,498.27,80.0,2647.0,
2026-08-09T02:41:54.566518Z,1.484375,2.26806640625,2.69970703125,116689.46484375,126455.4765625,890.89453125,NVIDIA RTX PRO 6000 Blackwell Workstation Edition,GPU-8cfe9244-1717-6a32-51e7-29fa37aa16b7,595.84,100.0,88.0,89444.0,97887.0,500.58,80.0,2752.0,
2026-08-09T02:41:55.583279Z,1.484375,2.26806640625,2.69970703125,116689.39453125,126455.4765625,890.89453125,NVIDIA RTX PRO 6000 Blackwell Workstation Edition,GPU-8cfe9244-1717-6a32-51e7-29fa37aa16b7,595.84,100.0,86.0,89444.0,97887.0,504.84,80.0,2790.0,
2026-08-09T02:41:56.607279Z,1.484375,2.26806640625,2.69970703125,116639.3984375,126455.4765625,890.89453125,NVIDIA RTX PRO 6000 Blackwell Workstation Edition,GPU-8cfe9244-1717-6a32-51e7-29fa37aa16b7,595.84,100.0,79.0,89444.0,97887.0,480.86,84.0,2827.0,
2026-08-09T02:41:57.630669Z,1.4453125,2.24658203125,2.6904296875,116653.7109375,126455.4765625,890.89453125,NVIDIA RTX PRO 6000 Blackwell Workstation Edition,GPU-8cfe9244-1717-6a32-51e7-29fa37aa16b7,595.84,100.0,86.0,89444.0,97887.0,483.25,80.0,2820.0,
2026-08-09T02:41:58.654673Z,1.4453125,2.24658203125,2.6904296875,116666.01953125,126455.4765625,890.89453125,NVIDIA RTX PRO 6000 Blackwell Workstation Edition,GPU-8cfe9244-1717-6a32-51e7-29fa37aa16b7,595.84,100.0,86.0,89444.0,97887.0,478.48,80.0,2797.0,
2026-08-09T02:41:59.678040Z,1.4453125,2.24658203125,2.6904296875,116699.75390625,126455.4765625,890.89453125,NVIDIA RTX PRO 6000 Blackwell Workstation Edition,GPU-8cfe9244-1717-6a32-51e7-29fa37aa16b7,595.84,100.0,77.0,89444.0,97887.0,524.47,85.0,2797.0,
2026-08-09T02:42:00.701220Z,1.4453125,2.24658203125,2.6904296875,116691.23046875,126455.4765625,890.89453125,NVIDIA RTX PRO 6000 Blackwell Workstation Edition,GPU-8cfe9244-1717-6a32-51e7-29fa37aa16b7,595.84,100.0,86.0,89444.0,97887.0,496.16,80.0,2797.0,
2026-08-09T02:42:01.725428Z,1.4453125,2.24658203125,2.6904296875,116686.58984375,126455.4765625,890.89453125,NVIDIA RTX PRO 6000 Blackwell Workstation Edition,GPU-8cfe9244-1717-6a32-51e7-29fa37aa16b7,595.84,100.0,82.0,89444.0,97887.0,481.17,81.0,2820.0,
2026-08-09T02:42:02.749092Z,1.4091796875,2.2255859375,2.68115234375,116683.79296875,126455.4765625,890.89453125,NVIDIA RTX PRO 6000 Blackwell Workstation Edition,GPU-8cfe9244-1717-6a32-51e7-29fa37aa16b7,595.84,100.0,83.0,89444.0,97887.0,496.16,81.0,2767.0,
2026-08-09T02:42:03.772157Z,1.4091796875,2.2255859375,2.68115234375,116686.8125,126455.4765625,890.89453125,NVIDIA RTX PRO 6000 Blackwell Workstation Edition,GPU-8cfe9244-1717-6a32-51e7-29fa37aa16b7,595.84,100.0,86.0,89444.0,97887.0,495.76,80.0,2805.0,
2026-08-09T02:42:04.796704Z,1.4091796875,2.2255859375,2.68115234375,116694.52734375,126455.4765625,890.89453125,NVIDIA RTX PRO 6000 Blackwell Workstation Edition,GPU-8cfe9244-1717-6a32-51e7-29fa37aa16b7,595.84,100.0,86.0,89444.0,97887.0,516.17,81.0,2640.0,
2026-08-09T02:42:05.822415Z,1.4091796875,2.2255859375,2.68115234375,116694.29296875,126455.4765625,890.89453125,NVIDIA RTX PRO 6000 Blackwell Workstation Edition,GPU-8cfe9244-1717-6a32-51e7-29fa37aa16b7,595.84,100.0,84.0,89444.0,97887.0,465.08,83.0,2827.0,
2026-08-09T02:42:06.850512Z,1.4091796875,2.2255859375,2.68115234375,116692.37890625,126455.4765625,890.8984375,NVIDIA RTX PRO 6000 Blackwell Workstation Edition,GPU-8cfe9244-1717-6a32-51e7-29fa37aa16b7,595.84,100.0,87.0,89444.0,97887.0,484.41,81.0,2797.0,
2026-08-09T02:42:07.873840Z,1.45654296875,2.2216796875,2.67724609375,116711.6953125,126455.4765625,890.8984375,NVIDIA RTX PRO 6000 Blackwell Workstation Edition,GPU-8cfe9244-1717-6a32-51e7-29fa37aa16b7,595.84,100.0,87.0,89444.0,97887.0,485.14,80.0,2647.0,
2026-08-09T02:42:08.896933Z,1.45654296875,2.2216796875,2.67724609375,116714.62890625,126455.4765625,890.8984375,NVIDIA RTX PRO 6000 Blackwell Workstation Edition,GPU-8cfe9244-1717-6a32-51e7-29fa37aa16b7,595.84,100.0,86.0,89444.0,97887.0,522.93,82.0,2790.0,
2026-08-09T02:42:09.919537Z,1.45654296875,2.2216796875,2.67724609375,116699.90625,126455.4765625,890.8984375,NVIDIA RTX PRO 6000 Blackwell Workstation Edition,GPU-8cfe9244-1717-6a32-51e7-29fa37aa16b7,595.84,100.0,81.0,89444.0,97887.0,478.98,81.0,2827.0,
2026-08-09T02:42:10.944043Z,1.45654296875,2.2216796875,2.67724609375,116719.03515625,126455.4765625,890.91015625,NVIDIA RTX PRO 6000 Blackwell Workstation Edition,GPU-8cfe9244-1717-6a32-51e7-29fa37aa16b7,595.84,100.0,86.0,89444.0,97887.0,486.95,80.0,2767.0,
2026-08-09T02:42:11.967223Z,1.45654296875,2.2216796875,2.67724609375,116719.1953125,126455.4765625,890.91015625,NVIDIA RTX PRO 6000 Blackwell Workstation Edition,GPU-8cfe9244-1717-6a32-51e7-29fa37aa16b7,595.84,100.0,87.0,89444.0,97887.0,470.29,80.0,2827.0,
2026-08-09T02:42:12.986670Z,1.419921875,2.201171875,2.66796875,116699.82421875,126455.4765625,890.91015625,NVIDIA RTX PRO 6000 Blackwell Workstation Edition,GPU-8cfe9244-1717-6a32-51e7-29fa37aa16b7,595.84,100.0,87.0,89444.0,97887.0,493.15,80.0,2797.0,
2026-08-09T02:42:14.010590Z,1.419921875,2.201171875,2.66796875,116717.609375,126455.4765625,890.91015625,NVIDIA RTX PRO 6000 Blackwell Workstation Edition,GPU-8cfe9244-1717-6a32-51e7-29fa37aa16b7,595.84,100.0,84.0,89444.0,97887.0,467.07,81.0,2827.0,
2026-08-09T02:42:15.034705Z,1.419921875,2.201171875,2.66796875,116704.21875,126455.4765625,890.91015625,NVIDIA RTX PRO 6000 Blackwell Workstation Edition,GPU-8cfe9244-1717-6a32-51e7-29fa37aa16b7,595.84,100.0,84.0,89444.0,97887.0,494.49,80.0,2827.0,
2026-08-09T02:42:16.058014Z,1.419921875,2.201171875,2.66796875,116698.49609375,126455.4765625,890.91015625,NVIDIA RTX PRO 6000 Blackwell Workstation Edition,GPU-8cfe9244-1717-6a32-51e7-29fa37aa16b7,595.84,100.0,86.0,89444.0,97887.0,493.47,80.0,2730.0,
2026-08-09T02:42:17.086554Z,1.419921875,2.201171875,2.66796875,116702.4375,126455.4765625,890.91015625,NVIDIA RTX PRO 6000 Blackwell Workstation Edition,GPU-8cfe9244-1717-6a32-51e7-29fa37aa16b7,595.84,100.0,87.0,89444.0,97887.0,507.58,80.0,2722.0,
2026-08-09T02:42:18.113168Z,1.38623046875,2.18115234375,2.65869140625,116714.875,126455.4765625,890.91015625,NVIDIA RTX PRO 6000 Blackwell Workstation Edition,GPU-8cfe9244-1717-6a32-51e7-29fa37aa16b7,595.84,100.0,86.0,89444.0,97887.0,475.01,80.0,2797.0,
2026-08-09T02:42:19.137854Z,1.38623046875,2.18115234375,2.65869140625,116711.8671875,126455.4765625,890.91015625,NVIDIA RTX PRO 6000 Blackwell Workstation Edition,GPU-8cfe9244-1717-6a32-51e7-29fa37aa16b7,595.84,100.0,87.0,89444.0,97887.0,471.94,80.0,2797.0,
2026-08-09T02:42:20.165401Z,1.38623046875,2.18115234375,2.65869140625,116710.8515625,126455.4765625,890.91015625,NVIDIA RTX PRO 6000 Blackwell Workstation Edition,GPU-8cfe9244-1717-6a32-51e7-29fa37aa16b7,595.84,100.0,82.0,89444.0,97887.0,528.19,84.0,2527.0,
2026-08-09T02:42:21.189801Z,1.38623046875,2.18115234375,2.65869140625,116688.17578125,126455.4765625,890.91015625,NVIDIA RTX PRO 6000 Blackwell Workstation Edition,GPU-8cfe9244-1717-6a32-51e7-29fa37aa16b7,595.84,100.0,85.0,89444.0,97887.0,469.98,80.0,2827.0,
2026-08-09T02:42:22.205773Z,1.35498046875,2.1611328125,2.6494140625,116676.98046875,126455.4765625,890.91015625,NVIDIA RTX PRO 6000 Blackwell Workstation Edition,GPU-8cfe9244-1717-6a32-51e7-29fa37aa16b7,595.84,100.0,87.0,89444.0,97887.0,488.8,80.0,2827.0,
2026-08-09T02:42:23.230086Z,1.35498046875,2.1611328125,2.6494140625,116746.140625,126455.4765625,890.91015625,NVIDIA RTX PRO 6000 Blackwell Workstation Edition,GPU-8cfe9244-1717-6a32-51e7-29fa37aa16b7,595.84,100.0,87.0,89444.0,97887.0,493.67,80.0,2805.0,
2026-08-09T02:42:24.253632Z,1.35498046875,2.1611328125,2.6494140625,116742.140625,126455.4765625,890.91015625,NVIDIA RTX PRO 6000 Blackwell Workstation Edition,GPU-8cfe9244-1717-6a32-51e7-29fa37aa16b7,595.84,100.0,87.0,89444.0,97887.0,479.46,80.0,2827.0,
2026-08-09T02:42:25.277785Z,1.35498046875,2.1611328125,2.6494140625,116748.39453125,126455.4765625,890.91015625,NVIDIA RTX PRO 6000 Blackwell Workstation Edition,GPU-8cfe9244-1717-6a32-51e7-29fa37aa16b7,595.84,100.0,85.0,89444.0,97887.0,488.67,80.0,2820.0,
2026-08-09T02:42:26.302353Z,1.35498046875,2.1611328125,2.6494140625,116718.71484375,126455.4765625,890.91015625,NVIDIA RTX PRO 6000 Blackwell Workstation Edition,GPU-8cfe9244-1717-6a32-51e7-29fa37aa16b7,595.84,100.0,89.0,89444.0,97887.0,503.48,80.0,2805.0,
2026-08-09T02:42:27.327461Z,1.326171875,2.1416015625,2.64013671875,116736.8046875,126455.4765625,890.91015625,NVIDIA RTX PRO 6000 Blackwell Workstation Edition,GPU-8cfe9244-1717-6a32-51e7-29fa37aa16b7,595.84,100.0,86.0,89444.0,97887.0,490.22,80.0,2827.0,
2026-08-09T02:42:28.350707Z,1.326171875,2.1416015625,2.64013671875,116744.859375,126455.4765625,890.91015625,NVIDIA RTX PRO 6000 Blackwell Workstation Edition,GPU-8cfe9244-1717-6a32-51e7-29fa37aa16b7,595.84,100.0,85.0,89444.0,97887.0,469.97,80.0,2820.0,
2026-08-09T02:42:29.375150Z,1.326171875,2.1416015625,2.64013671875,116735.25,126455.4765625,890.91015625,NVIDIA RTX PRO 6000 Blackwell Workstation Edition,GPU-8cfe9244-1717-6a32-51e7-29fa37aa16b7,595.84,100.0,82.0,89444.0,97887.0,528.77,82.0,2797.0,
2026-08-09T02:42:30.398792Z,1.326171875,2.1416015625,2.64013671875,116735.1875,126455.4765625,890.91015625,NVIDIA RTX PRO 6000 Blackwell Workstation Edition,GPU-8cfe9244-1717-6a32-51e7-29fa37aa16b7,595.84,100.0,86.0,89444.0,97887.0,488.55,80.0,2827.0,
2026-08-09T02:42:31.422155Z,1.326171875,2.1416015625,2.64013671875,116707.6171875,126455.4765625,890.91015625,NVIDIA RTX PRO 6000 Blackwell Workstation Edition,GPU-8cfe9244-1717-6a32-51e7-29fa37aa16b7,595.84,100.0,82.0,89444.0,97887.0,497.48,81.0,2827.0,
2026-08-09T02:42:32.445122Z,1.38037109375,2.13916015625,2.63623046875,116715.01171875,126455.4765625,890.91015625,NVIDIA RTX PRO 6000 Blackwell Workstation Edition,GPU-8cfe9244-1717-6a32-51e7-29fa37aa16b7,595.84,100.0,87.0,89444.0,97887.0,479.95,80.0,2827.0,
2026-08-09T02:42:33.472720Z,1.38037109375,2.13916015625,2.63623046875,116648.00390625,126455.4765625,890.91015625,NVIDIA RTX PRO 6000 Blackwell Workstation Edition,GPU-8cfe9244-1717-6a32-51e7-29fa37aa16b7,595.84,100.0,84.0,89444.0,97887.0,469.49,80.0,2827.0,
2026-08-09T02:42:34.500243Z,1.38037109375,2.13916015625,2.63623046875,116691.69921875,126455.4765625,890.91015625,NVIDIA RTX PRO 6000 Blackwell Workstation Edition,GPU-8cfe9244-1717-6a32-51e7-29fa37aa16b7,595.84,100.0,87.0,89444.0,97887.0,465.68,80.0,2827.0,
2026-08-09T02:42:35.521303Z,1.38037109375,2.13916015625,2.63623046875,116706.41796875,126455.4765625,890.91015625,NVIDIA RTX PRO 6000 Blackwell Workstation Edition,GPU-8cfe9244-1717-6a32-51e7-29fa37aa16b7,595.84,100.0,86.0,89444.0,97887.0,491.1,80.0,2820.0,
2026-08-09T02:42:36.544402Z,1.38037109375,2.13916015625,2.63623046875,116678.515625,126455.4765625,890.91015625,NVIDIA RTX PRO 6000 Blackwell Workstation Edition,GPU-8cfe9244-1717-6a32-51e7-29fa37aa16b7,595.84,100.0,84.0,89444.0,97887.0,480.49,83.0,2797.0,
2026-08-09T02:42:37.567573Z,1.349609375,2.1201171875,2.62744140625,116683.1796875,126455.4765625,890.91015625,NVIDIA RTX PRO 6000 Blackwell Workstation Edition,GPU-8cfe9244-1717-6a32-51e7-29fa37aa16b7,595.84,100.0,87.0,89444.0,97887.0,500.73,80.0,2797.0,
2026-08-09T02:42:38.593295Z,1.349609375,2.1201171875,2.62744140625,116668.421875,126455.4765625,890.91015625,NVIDIA RTX PRO 6000 Blackwell Workstation Edition,GPU-8cfe9244-1717-6a32-51e7-29fa37aa16b7,595.84,100.0,86.0,89444.0,97887.0,457.76,80.0,2827.0,
2026-08-09T02:42:39.610811Z,1.349609375,2.1201171875,2.62744140625,116705.0546875,126455.4765625,890.91015625,NVIDIA RTX PRO 6000 Blackwell Workstation Edition,GPU-8cfe9244-1717-6a32-51e7-29fa37aa16b7,595.84,100.0,56.0,89444.0,97887.0,516.58,86.0,2827.0,
2026-08-09T02:42:40.634423Z,1.349609375,2.1201171875,2.62744140625,116714.11328125,126455.4765625,890.91015625,NVIDIA RTX PRO 6000 Blackwell Workstation Edition,GPU-8cfe9244-1717-6a32-51e7-29fa37aa16b7,595.84,100.0,86.0,89444.0,97887.0,520.22,80.0,2827.0,
2026-08-09T02:42:41.664505Z,1.349609375,2.1201171875,2.62744140625,116711.5859375,126455.4765625,890.91015625,NVIDIA RTX PRO 6000 Blackwell Workstation Edition,GPU-8cfe9244-1717-6a32-51e7-29fa37aa16b7,595.84,100.0,89.0,89444.0,97887.0,476.84,80.0,2820.0,
2026-08-09T02:42:42.696315Z,1.3212890625,2.10107421875,2.61865234375,116695.265625,126455.4765625,890.91015625,NVIDIA RTX PRO 6000 Blackwell Workstation Edition,GPU-8cfe9244-1717-6a32-51e7-29fa37aa16b7,595.84,100.0,87.0,89444.0,97887.0,481.86,80.0,2797.0,
2026-08-09T02:42:43.722214Z,1.3212890625,2.10107421875,2.61865234375,116700.08203125,126455.4765625,890.91015625,NVIDIA RTX PRO 6000 Blackwell Workstation Edition,GPU-8cfe9244-1717-6a32-51e7-29fa37aa16b7,595.84,100.0,87.0,89444.0,97887.0,494.92,80.0,2647.0,
2026-08-09T02:42:44.751212Z,1.3212890625,2.10107421875,2.61865234375,116711.3671875,126455.4765625,890.91015625,NVIDIA RTX PRO 6000 Blackwell Workstation Edition,GPU-8cfe9244-1717-6a32-51e7-29fa37aa16b7,595.84,100.0,88.0,89444.0,97887.0,495.01,80.0,2617.0,
2026-08-09T02:42:45.775128Z,1.3212890625,2.10107421875,2.61865234375,116722.41796875,126455.4765625,890.91015625,NVIDIA RTX PRO 6000 Blackwell Workstation Edition,GPU-8cfe9244-1717-6a32-51e7-29fa37aa16b7,595.84,100.0,86.0,89444.0,97887.0,462.38,80.0,2820.0,
2026-08-09T02:42:46.798808Z,1.3212890625,2.10107421875,2.61865234375,116732.8671875,126455.4765625,890.91015625,NVIDIA RTX PRO 6000 Blackwell Workstation Edition,GPU-8cfe9244-1717-6a32-51e7-29fa37aa16b7,595.84,100.0,88.0,89444.0,97887.0,500.21,80.0,2827.0,
2026-08-09T02:42:47.822834Z,1.29541015625,2.08251953125,2.60986328125,116724.7734375,126455.4765625,890.91015625,NVIDIA RTX PRO 6000 Blackwell Workstation Edition,GPU-8cfe9244-1717-6a32-51e7-29fa37aa16b7,595.84,100.0,86.0,89444.0,97887.0,496.67,80.0,2820.0,
2026-08-09T02:42:48.840219Z,1.29541015625,2.08251953125,2.60986328125,116733.10546875,126455.4765625,890.91015625,NVIDIA RTX PRO 6000 Blackwell Workstation Edition,GPU-8cfe9244-1717-6a32-51e7-29fa37aa16b7,595.84,100.0,87.0,89444.0,97887.0,491.64,81.0,2820.0,
2026-08-09T02:42:49.865133Z,1.29541015625,2.08251953125,2.60986328125,116734.9609375,126455.4765625,890.91015625,NVIDIA RTX PRO 6000 Blackwell Workstation Edition,GPU-8cfe9244-1717-6a32-51e7-29fa37aa16b7,595.84,100.0,86.0,89444.0,97887.0,467.77,80.0,2820.0,
2026-08-09T02:42:50.889124Z,1.29541015625,2.08251953125,2.60986328125,116728.6796875,126455.4765625,890.91015625,NVIDIA RTX PRO 6000 Blackwell Workstation Edition,GPU-8cfe9244-1717-6a32-51e7-29fa37aa16b7,595.84,100.0,84.0,89444.0,97887.0,478.23,80.0,2790.0,
2026-08-09T02:42:51.912678Z,1.29541015625,2.08251953125,2.60986328125,116711.19921875,126455.4765625,890.91015625,NVIDIA RTX PRO 6000 Blackwell Workstation Edition,GPU-8cfe9244-1717-6a32-51e7-29fa37aa16b7,595.84,100.0,87.0,89444.0,97887.0,483.37,79.0,2827.0,
2026-08-09T02:42:52.936619Z,1.271484375,2.064453125,2.60107421875,116711.37109375,126455.4765625,890.91015625,NVIDIA RTX PRO 6000 Blackwell Workstation Edition,GPU-8cfe9244-1717-6a32-51e7-29fa37aa16b7,595.84,100.0,86.0,89444.0,97887.0,494.58,80.0,2820.0,
2026-08-09T02:42:53.961815Z,1.271484375,2.064453125,2.60107421875,116715.13671875,126455.4765625,890.91015625,NVIDIA RTX PRO 6000 Blackwell Workstation Edition,GPU-8cfe9244-1717-6a32-51e7-29fa37aa16b7,595.84,100.0,85.0,89444.0,97887.0,479.19,83.0,2797.0,
2026-08-09T02:42:54.984948Z,1.271484375,2.064453125,2.60107421875,116716.9375,126455.4765625,890.91015625,NVIDIA RTX PRO 6000 Blackwell Workstation Edition,GPU-8cfe9244-1717-6a32-51e7-29fa37aa16b7,595.84,100.0,85.0,89444.0,97887.0,484.37,80.0,2797.0,
2026-08-09T02:42:56.011592Z,1.271484375,2.064453125,2.60107421875,116679.921875,126455.4765625,890.91015625,NVIDIA RTX PRO 6000 Blackwell Workstation Edition,GPU-8cfe9244-1717-6a32-51e7-29fa37aa16b7,595.84,100.0,86.0,89444.0,97887.0,479.7,80.0,2827.0,
2026-08-09T02:42:57.034837Z,1.271484375,2.064453125,2.60107421875,116673.390625,126455.4765625,890.91015625,NVIDIA RTX PRO 6000 Blackwell Workstation Edition,GPU-8cfe9244-1717-6a32-51e7-29fa37aa16b7,595.84,100.0,79.0,89444.0,97887.0,496.97,81.0,2737.0,
2026-08-09T02:42:58.059092Z,1.24951171875,2.04638671875,2.59228515625,116685.1484375,126455.4765625,890.91015625,NVIDIA RTX PRO 6000 Blackwell Workstation Edition,GPU-8cfe9244-1717-6a32-51e7-29fa37aa16b7,595.84,100.0,82.0,89444.0,97887.0,494.68,83.0,2797.0,
2026-08-09T02:42:59.080493Z,1.24951171875,2.04638671875,2.59228515625,116664.66796875,126455.4765625,890.91015625,NVIDIA RTX PRO 6000 Blackwell Workstation Edition,GPU-8cfe9244-1717-6a32-51e7-29fa37aa16b7,595.84,100.0,82.0,89444.0,97887.0,492.67,81.0,2797.0,
2026-08-09T02:43:00.103900Z,1.24951171875,2.04638671875,2.59228515625,116703.3046875,126455.4765625,890.91015625,NVIDIA RTX PRO 6000 Blackwell Workstation Edition,GPU-8cfe9244-1717-6a32-51e7-29fa37aa16b7,595.84,100.0,84.0,89444.0,97887.0,468.51,80.0,2797.0,
2026-08-09T02:43:01.131211Z,1.24951171875,2.04638671875,2.59228515625,116678.140625,126455.4765625,890.91015625,NVIDIA RTX PRO 6000 Blackwell Workstation Edition,GPU-8cfe9244-1717-6a32-51e7-29fa37aa16b7,595.84,100.0,86.0,89444.0,97887.0,477.09,79.0,2827.0,
2026-08-09T02:43:02.154551Z,1.2294921875,2.02880859375,2.58349609375,116667.8671875,126455.4765625,890.91015625,NVIDIA RTX PRO 6000 Blackwell Workstation Edition,GPU-8cfe9244-1717-6a32-51e7-29fa37aa16b7,595.84,100.0,71.0,89444.0,97887.0,520.61,82.0,2655.0,
2026-08-09T02:43:03.181670Z,1.2294921875,2.02880859375,2.58349609375,116661.15234375,126455.4765625,890.91015625,NVIDIA RTX PRO 6000 Blackwell Workstation Edition,GPU-8cfe9244-1717-6a32-51e7-29fa37aa16b7,595.84,100.0,87.0,89444.0,97887.0,505.63,80.0,2827.0,
2026-08-09T02:43:04.205831Z,1.2294921875,2.02880859375,2.58349609375,116680.20703125,126455.4765625,890.91015625,NVIDIA RTX PRO 6000 Blackwell Workstation Edition,GPU-8cfe9244-1717-6a32-51e7-29fa37aa16b7,595.84,100.0,64.0,89444.0,97887.0,519.4,83.0,2625.0,
2026-08-09T02:43:05.230947Z,1.2294921875,2.02880859375,2.58349609375,116662.890625,126455.4765625,890.91015625,NVIDIA RTX PRO 6000 Blackwell Workstation Edition,GPU-8cfe9244-1717-6a32-51e7-29fa37aa16b7,595.84,100.0,86.0,89444.0,97887.0,481.52,80.0,2827.0,
2026-08-09T02:43:06.255211Z,1.2294921875,2.02880859375,2.58349609375,116642.86328125,126455.4765625,890.91015625,NVIDIA RTX PRO 6000 Blackwell Workstation Edition,GPU-8cfe9244-1717-6a32-51e7-29fa37aa16b7,595.84,100.0,87.0,89444.0,97887.0,461.6,80.0,2820.0,
2026-08-09T02:43:07.280967Z,1.2109375,2.01171875,2.57470703125,116664.390625,126455.4765625,890.91015625,NVIDIA RTX PRO 6000 Blackwell Workstation Edition,GPU-8cfe9244-1717-6a32-51e7-29fa37aa16b7,595.84,100.0,88.0,89444.0,97887.0,518.9,80.0,2827.0,
2026-08-09T02:43:08.305379Z,1.2109375,2.01171875,2.57470703125,116672.390625,126455.4765625,890.91015625,NVIDIA RTX PRO 6000 Blackwell Workstation Edition,GPU-8cfe9244-1717-6a32-51e7-29fa37aa16b7,595.84,100.0,86.0,89444.0,97887.0,482.58,80.0,2797.0,
2026-08-09T02:43:09.328205Z,1.2109375,2.01171875,2.57470703125,116662.25,126455.4765625,890.91015625,NVIDIA RTX PRO 6000 Blackwell Workstation Edition,GPU-8cfe9244-1717-6a32-51e7-29fa37aa16b7,595.84,100.0,83.0,89444.0,97887.0,480.89,81.0,2797.0,
2026-08-09T02:43:10.353405Z,1.2109375,2.01171875,2.57470703125,116712.16796875,126455.4765625,890.91015625,NVIDIA RTX PRO 6000 Blackwell Workstation Edition,GPU-8cfe9244-1717-6a32-51e7-29fa37aa16b7,595.84,100.0,86.0,89444.0,97887.0,494.78,80.0,2827.0,
2026-08-09T02:43:11.377939Z,1.2109375,2.01171875,2.57470703125,116684.96875,126455.4765625,890.91015625,NVIDIA RTX PRO 6000 Blackwell Workstation Edition,GPU-8cfe9244-1717-6a32-51e7-29fa37aa16b7,595.84,100.0,87.0,89444.0,97887.0,509.94,80.0,2797.0,
2026-08-09T02:43:12.400855Z,1.19384765625,1.99462890625,2.56591796875,116669.4140625,126455.4765625,890.91015625,NVIDIA RTX PRO 6000 Blackwell Workstation Edition,GPU-8cfe9244-1717-6a32-51e7-29fa37aa16b7,595.84,100.0,87.0,89444.0,97887.0,500.61,80.0,2805.0,
2026-08-09T02:43:13.425406Z,1.19384765625,1.99462890625,2.56591796875,116642.9375,126455.4765625,890.91015625,NVIDIA RTX PRO 6000 Blackwell Workstation Edition,GPU-8cfe9244-1717-6a32-51e7-29fa37aa16b7,595.84,100.0,87.0,89444.0,97887.0,467.35,80.0,2812.0,
2026-08-09T02:43:14.451477Z,1.19384765625,1.99462890625,2.56591796875,116643.37109375,126455.4765625,890.9140625,NVIDIA RTX PRO 6000 Blackwell Workstation Edition,GPU-8cfe9244-1717-6a32-51e7-29fa37aa16b7,595.84,100.0,85.0,89444.0,97887.0,491.32,83.0,2797.0,
2026-08-09T02:43:15.474638Z,1.19384765625,1.99462890625,2.56591796875,116623.73046875,126455.4765625,890.9375,NVIDIA RTX PRO 6000 Blackwell Workstation Edition,GPU-8cfe9244-1717-6a32-51e7-29fa37aa16b7,595.84,100.0,84.0,89444.0,97887.0,476.31,80.0,2820.0,
2026-08-09T02:43:16.498711Z,1.19384765625,1.99462890625,2.56591796875,116657.09765625,126455.4765625,890.9375,NVIDIA RTX PRO 6000 Blackwell Workstation Edition,GPU-8cfe9244-1717-6a32-51e7-29fa37aa16b7,595.84,100.0,88.0,89444.0,97887.0,477.05,80.0,2820.0,
2026-08-09T02:43:17.518923Z,1.17822265625,1.97802734375,2.55712890625,116677.1484375,126455.4765625,890.9375,NVIDIA RTX PRO 6000 Blackwell Workstation Edition,GPU-8cfe9244-1717-6a32-51e7-29fa37aa16b7,595.84,100.0,86.0,89444.0,97887.0,518.43,80.0,2827.0,
2026-08-09T02:43:18.543436Z,1.17822265625,1.97802734375,2.55712890625,116667.79296875,126455.4765625,890.9375,NVIDIA RTX PRO 6000 Blackwell Workstation Edition,GPU-8cfe9244-1717-6a32-51e7-29fa37aa16b7,595.84,100.0,87.0,89444.0,97887.0,482.12,80.0,2797.0,
2026-08-09T02:43:19.560981Z,1.17822265625,1.97802734375,2.55712890625,116682.02734375,126455.4765625,890.9375,NVIDIA RTX PRO 6000 Blackwell Workstation Edition,GPU-8cfe9244-1717-6a32-51e7-29fa37aa16b7,595.84,100.0,69.0,89444.0,97887.0,507.95,86.0,2715.0,
2026-08-09T02:43:20.583601Z,1.17822265625,1.97802734375,2.55712890625,116651.18359375,126455.4765625,890.94140625,NVIDIA RTX PRO 6000 Blackwell Workstation Edition,GPU-8cfe9244-1717-6a32-51e7-29fa37aa16b7,595.84,100.0,86.0,89444.0,97887.0,492.33,80.0,2797.0,
2026-08-09T02:43:21.608214Z,1.17822265625,1.97802734375,2.55712890625,116718.81640625,126455.4765625,890.94140625,NVIDIA RTX PRO 6000 Blackwell Workstation Edition,GPU-8cfe9244-1717-6a32-51e7-29fa37aa16b7,595.84,100.0,76.0,89444.0,97887.0,504.58,86.0,2722.0,
2026-08-09T02:43:22.632771Z,1.16357421875,1.96142578125,2.54833984375,116719.6328125,126455.4765625,890.94140625,NVIDIA RTX PRO 6000 Blackwell Workstation Edition,GPU-8cfe9244-1717-6a32-51e7-29fa37aa16b7,595.84,100.0,85.0,89444.0,97887.0,497.78,80.0,2797.0,
2026-08-09T02:43:23.651291Z,1.16357421875,1.96142578125,2.54833984375,116731.55859375,126455.4765625,890.94140625,NVIDIA RTX PRO 6000 Blackwell Workstation Edition,GPU-8cfe9244-1717-6a32-51e7-29fa37aa16b7,595.84,100.0,86.0,89444.0,97887.0,495.9,80.0,2827.0,
2026-08-09T02:43:24.676699Z,1.16357421875,1.96142578125,2.54833984375,116743.87109375,126455.4765625,890.94140625,NVIDIA RTX PRO 6000 Blackwell Workstation Edition,GPU-8cfe9244-1717-6a32-51e7-29fa37aa16b7,595.84,100.0,88.0,89444.0,97887.0,510.48,81.0,2715.0,
2026-08-09T02:43:25.700497Z,1.16357421875,1.96142578125,2.54833984375,116741.0,126455.4765625,890.94140625,NVIDIA RTX PRO 6000 Blackwell Workstation Edition,GPU-8cfe9244-1717-6a32-51e7-29fa37aa16b7,595.84,100.0,84.0,89444.0,97887.0,479.55,83.0,2805.0,
2026-08-09T02:43:26.724149Z,1.16357421875,1.96142578125,2.54833984375,116729.8671875,126455.4765625,890.94140625,NVIDIA RTX PRO 6000 Blackwell Workstation Edition,GPU-8cfe9244-1717-6a32-51e7-29fa37aa16b7,595.84,100.0,88.0,89444.0,97887.0,504.75,80.0,2782.0,
2026-08-09T02:43:27.751468Z,1.150390625,1.9453125,2.53955078125,116712.63671875,126455.4765625,890.94140625,NVIDIA RTX PRO 6000 Blackwell Workstation Edition,GPU-8cfe9244-1717-6a32-51e7-29fa37aa16b7,595.84,100.0,83.0,89444.0,97887.0,480.08,84.0,2797.0,
2026-08-09T02:43:28.776514Z,1.150390625,1.9453125,2.53955078125,116698.890625,126455.4765625,890.94140625,NVIDIA RTX PRO 6000 Blackwell Workstation Edition,GPU-8cfe9244-1717-6a32-51e7-29fa37aa16b7,595.84,100.0,85.0,89444.0,97887.0,472.07,82.0,2805.0,
2026-08-09T02:43:29.802925Z,1.150390625,1.9453125,2.53955078125,116695.6171875,126455.4765625,890.94140625,NVIDIA RTX PRO 6000 Blackwell Workstation Edition,GPU-8cfe9244-1717-6a32-51e7-29fa37aa16b7,595.84,100.0,87.0,89444.0,97887.0,488.46,80.0,2820.0,
2026-08-09T02:43:30.826633Z,1.150390625,1.9453125,2.53955078125,116717.8359375,126455.4765625,890.94140625,NVIDIA RTX PRO 6000 Blackwell Workstation Edition,GPU-8cfe9244-1717-6a32-51e7-29fa37aa16b7,595.84,100.0,86.0,89444.0,97887.0,468.42,80.0,2827.0,
2026-08-09T02:43:31.851516Z,1.150390625,1.9453125,2.53955078125,116726.59375,126455.4765625,890.94140625,NVIDIA RTX PRO 6000 Blackwell Workstation Edition,GPU-8cfe9244-1717-6a32-51e7-29fa37aa16b7,595.84,100.0,85.0,89444.0,97887.0,501.24,84.0,2790.0,
2026-08-09T02:43:32.876377Z,1.13818359375,1.92919921875,2.53125,116709.75390625,126455.4765625,890.94140625,NVIDIA RTX PRO 6000 Blackwell Workstation Edition,GPU-8cfe9244-1717-6a32-51e7-29fa37aa16b7,595.84,100.0,83.0,89444.0,97887.0,476.38,84.0,2805.0,
2026-08-09T02:43:33.905528Z,1.13818359375,1.92919921875,2.53125,116706.1796875,126455.4765625,890.94140625,NVIDIA RTX PRO 6000 Blackwell Workstation Edition,GPU-8cfe9244-1717-6a32-51e7-29fa37aa16b7,595.84,100.0,87.0,89444.0,97887.0,491.63,80.0,2692.0,
2026-08-09T02:43:34.933312Z,1.13818359375,1.92919921875,2.53125,116702.08984375,126455.4765625,890.94140625,NVIDIA RTX PRO 6000 Blackwell Workstation Edition,GPU-8cfe9244-1717-6a32-51e7-29fa37aa16b7,595.84,100.0,86.0,89444.0,97887.0,479.35,80.0,2827.0,
2026-08-09T02:43:35.959874Z,1.13818359375,1.92919921875,2.53125,116711.484375,126455.4765625,890.94140625,NVIDIA RTX PRO 6000 Blackwell Workstation Edition,GPU-8cfe9244-1717-6a32-51e7-29fa37aa16b7,595.84,100.0,86.0,89444.0,97887.0,495.98,80.0,2827.0,
2026-08-09T02:43:36.983389Z,1.13818359375,1.92919921875,2.53125,116749.18359375,126455.4765625,890.94140625,NVIDIA RTX PRO 6000 Blackwell Workstation Edition,GPU-8cfe9244-1717-6a32-51e7-29fa37aa16b7,595.84,100.0,86.0,89444.0,97887.0,484.95,80.0,2797.0,
2026-08-09T02:43:38.008971Z,1.126953125,1.91357421875,2.52294921875,116732.328125,126455.4765625,890.94140625,NVIDIA RTX PRO 6000 Blackwell Workstation Edition,GPU-8cfe9244-1717-6a32-51e7-29fa37aa16b7,595.84,100.0,86.0,89444.0,97887.0,498.85,80.0,2827.0,
2026-08-09T02:43:39.033448Z,1.126953125,1.91357421875,2.52294921875,116714.57421875,126455.4765625,890.94140625,NVIDIA RTX PRO 6000 Blackwell Workstation Edition,GPU-8cfe9244-1717-6a32-51e7-29fa37aa16b7,595.84,100.0,87.0,89444.0,97887.0,469.1,80.0,2820.0,
2026-08-09T02:43:40.058879Z,1.126953125,1.91357421875,2.52294921875,116715.30859375,126455.4765625,890.94140625,NVIDIA RTX PRO 6000 Blackwell Workstation Edition,GPU-8cfe9244-1717-6a32-51e7-29fa37aa16b7,595.84,100.0,70.0,89444.0,97887.0,546.54,83.0,2587.0,
2026-08-09T02:43:41.083668Z,1.126953125,1.91357421875,2.52294921875,116740.8203125,126455.4765625,890.94140625,NVIDIA RTX PRO 6000 Blackwell Workstation Edition,GPU-8cfe9244-1717-6a32-51e7-29fa37aa16b7,595.84,100.0,83.0,89444.0,97887.0,485.67,84.0,2782.0,
2026-08-09T02:43:42.106432Z,1.126953125,1.91357421875,2.52294921875,116704.17578125,126455.4765625,890.94140625,NVIDIA RTX PRO 6000 Blackwell Workstation Edition,GPU-8cfe9244-1717-6a32-51e7-29fa37aa16b7,595.84,100.0,87.0,89444.0,97887.0,488.62,80.0,2827.0,
2026-08-09T02:43:43.131067Z,1.11669921875,1.89794921875,2.5146484375,116675.63671875,126455.4765625,890.94140625,NVIDIA RTX PRO 6000 Blackwell Workstation Edition,GPU-8cfe9244-1717-6a32-51e7-29fa37aa16b7,595.84,100.0,87.0,89444.0,97887.0,467.81,80.0,2827.0,
2026-08-09T02:43:44.149414Z,1.11669921875,1.89794921875,2.5146484375,116680.2109375,126455.4765625,890.94140625,NVIDIA RTX PRO 6000 Blackwell Workstation Edition,GPU-8cfe9244-1717-6a32-51e7-29fa37aa16b7,595.84,100.0,84.0,89444.0,97887.0,515.43,84.0,2797.0,
2026-08-09T02:43:45.176624Z,1.11669921875,1.89794921875,2.5146484375,116684.40234375,126455.4765625,890.94140625,NVIDIA RTX PRO 6000 Blackwell Workstation Edition,GPU-8cfe9244-1717-6a32-51e7-29fa37aa16b7,595.84,100.0,82.0,89444.0,97887.0,482.49,83.0,2797.0,
2026-08-09T02:43:46.200790Z,1.11669921875,1.89794921875,2.5146484375,116672.95703125,126455.4765625,890.94140625,NVIDIA RTX PRO 6000 Blackwell Workstation Edition,GPU-8cfe9244-1717-6a32-51e7-29fa37aa16b7,595.84,100.0,81.0,89444.0,97887.0,493.18,81.0,2782.0,
2026-08-09T02:43:47.225098Z,1.10693359375,1.8828125,2.50634765625,116675.64453125,126455.4765625,890.94140625,NVIDIA RTX PRO 6000 Blackwell Workstation Edition,GPU-8cfe9244-1717-6a32-51e7-29fa37aa16b7,595.84,100.0,86.0,89444.0,97887.0,468.15,80.0,2827.0,
2026-08-09T02:43:48.248868Z,1.10693359375,1.8828125,2.50634765625,116678.33203125,126455.4765625,890.94140625,NVIDIA RTX PRO 6000 Blackwell Workstation Edition,GPU-8cfe9244-1717-6a32-51e7-29fa37aa16b7,595.84,100.0,60.0,89444.0,97887.0,507.73,85.0,2580.0,
2026-08-09T02:43:49.267506Z,1.10693359375,1.8828125,2.50634765625,116679.8671875,126455.4765625,890.94140625,NVIDIA RTX PRO 6000 Blackwell Workstation Edition,GPU-8cfe9244-1717-6a32-51e7-29fa37aa16b7,595.84,100.0,87.0,89444.0,97887.0,532.7,80.0,2820.0,
2026-08-09T02:43:50.295304Z,1.10693359375,1.8828125,2.50634765625,116666.40625,126455.4765625,890.94140625,NVIDIA RTX PRO 6000 Blackwell Workstation Edition,GPU-8cfe9244-1717-6a32-51e7-29fa37aa16b7,595.84,100.0,86.0,89444.0,97887.0,482.97,80.0,2805.0,
2026-08-09T02:43:51.313985Z,1.10693359375,1.8828125,2.50634765625,116675.3046875,126455.4765625,890.94140625,NVIDIA RTX PRO 6000 Blackwell Workstation Edition,GPU-8cfe9244-1717-6a32-51e7-29fa37aa16b7,595.84,100.0,85.0,89444.0,97887.0,467.59,80.0,2805.0,
2026-08-09T02:43:52.338165Z,1.7392578125,2.0009765625,2.54150390625,116675.66796875,126455.4765625,890.94140625,NVIDIA RTX PRO 6000 Blackwell Workstation Edition,GPU-8cfe9244-1717-6a32-51e7-29fa37aa16b7,595.84,100.0,86.0,89444.0,97887.0,491.54,81.0,2820.0,
2026-08-09T02:43:53.364653Z,1.7392578125,2.0009765625,2.54150390625,116687.9453125,126455.4765625,890.94140625,NVIDIA RTX PRO 6000 Blackwell Workstation Edition,GPU-8cfe9244-1717-6a32-51e7-29fa37aa16b7,595.84,100.0,86.0,89444.0,97887.0,482.64,80.0,2827.0,
2026-08-09T02:43:54.389117Z,1.7392578125,2.0009765625,2.54150390625,116690.6328125,126455.4765625,890.94140625,NVIDIA RTX PRO 6000 Blackwell Workstation Edition,GPU-8cfe9244-1717-6a32-51e7-29fa37aa16b7,595.84,100.0,87.0,89444.0,97887.0,491.01,80.0,2827.0,
2026-08-09T02:43:55.413485Z,1.7392578125,2.0009765625,2.54150390625,116704.8828125,126455.4765625,890.94140625,NVIDIA RTX PRO 6000 Blackwell Workstation Edition,GPU-8cfe9244-1717-6a32-51e7-29fa37aa16b7,595.84,100.0,81.0,89444.0,97887.0,478.18,84.0,2782.0,
2026-08-09T02:43:56.437999Z,1.7392578125,2.0009765625,2.54150390625,116713.15234375,126455.4765625,890.94140625,NVIDIA RTX PRO 6000 Blackwell Workstation Edition,GPU-8cfe9244-1717-6a32-51e7-29fa37aa16b7,595.84,100.0,88.0,89444.0,97887.0,510.71,81.0,2820.0,
2026-08-09T02:43:57.463063Z,1.6796875,1.98388671875,2.533203125,116719.8515625,126455.4765625,890.9453125,NVIDIA RTX PRO 6000 Blackwell Workstation Edition,GPU-8cfe9244-1717-6a32-51e7-29fa37aa16b7,595.84,100.0,81.0,89444.0,97887.0,499.39,81.0,2700.0,
2026-08-09T02:43:58.487659Z,1.6796875,1.98388671875,2.533203125,116719.39453125,126455.4765625,890.9453125,NVIDIA RTX PRO 6000 Blackwell Workstation Edition,GPU-8cfe9244-1717-6a32-51e7-29fa37aa16b7,595.84,100.0,86.0,89444.0,97887.0,479.9,82.0,2805.0,
2026-08-09T02:43:59.509341Z,1.6796875,1.98388671875,2.533203125,116713.7109375,126455.4765625,890.9453125,NVIDIA RTX PRO 6000 Blackwell Workstation Edition,GPU-8cfe9244-1717-6a32-51e7-29fa37aa16b7,595.84,100.0,82.0,89444.0,97887.0,490.05,81.0,2797.0,
2026-08-09T02:44:00.537199Z,1.6796875,1.98388671875,2.533203125,116737.34375,126455.4765625,890.9453125,NVIDIA RTX PRO 6000 Blackwell Workstation Edition,GPU-8cfe9244-1717-6a32-51e7-29fa37aa16b7,595.84,100.0,86.0,89444.0,97887.0,488.33,80.0,2827.0,
2026-08-09T02:44:01.556580Z,1.6796875,1.98388671875,2.533203125,116709.41015625,126455.4765625,890.9453125,NVIDIA RTX PRO 6000 Blackwell Workstation Edition,GPU-8cfe9244-1717-6a32-51e7-29fa37aa16b7,595.84,100.0,82.0,89444.0,97887.0,494.0,81.0,2797.0,
2026-08-09T02:44:02.580298Z,1.625,1.96728515625,2.52490234375,116650.8359375,126455.4765625,890.9453125,NVIDIA RTX PRO 6000 Blackwell Workstation Edition,GPU-8cfe9244-1717-6a32-51e7-29fa37aa16b7,595.84,100.0,86.0,89444.0,97887.0,498.89,80.0,2820.0,
2026-08-09T02:44:03.603894Z,1.625,1.96728515625,2.52490234375,116712.60546875,126455.4765625,890.9453125,NVIDIA RTX PRO 6000 Blackwell Workstation Edition,GPU-8cfe9244-1717-6a32-51e7-29fa37aa16b7,595.84,100.0,75.0,89444.0,97887.0,511.62,82.0,2655.0,
2026-08-09T02:44:04.628499Z,1.625,1.96728515625,2.52490234375,116695.35546875,126455.4765625,890.9453125,NVIDIA RTX PRO 6000 Blackwell Workstation Edition,GPU-8cfe9244-1717-6a32-51e7-29fa37aa16b7,595.84,100.0,87.0,89444.0,97887.0,512.93,82.0,2797.0,
2026-08-09T02:44:05.654100Z,1.625,1.96728515625,2.52490234375,116664.1171875,126455.4765625,890.9453125,NVIDIA RTX PRO 6000 Blackwell Workstation Edition,GPU-8cfe9244-1717-6a32-51e7-29fa37aa16b7,595.84,100.0,87.0,89444.0,97887.0,461.35,80.0,2827.0,
2026-08-09T02:44:06.676836Z,1.625,1.96728515625,2.52490234375,116673.53125,126455.4765625,890.9453125,NVIDIA RTX PRO 6000 Blackwell Workstation Edition,GPU-8cfe9244-1717-6a32-51e7-29fa37aa16b7,595.84,100.0,83.0,89444.0,97887.0,472.98,84.0,2797.0,
2026-08-09T02:44:07.700082Z,1.57470703125,1.951171875,2.5166015625,116640.72265625,126455.4765625,890.9453125,NVIDIA RTX PRO 6000 Blackwell Workstation Edition,GPU-8cfe9244-1717-6a32-51e7-29fa37aa16b7,595.84,100.0,87.0,89444.0,97887.0,481.95,80.0,2827.0,
2026-08-09T02:44:08.718826Z,1.57470703125,1.951171875,2.5166015625,116648.11328125,126455.4765625,890.9453125,NVIDIA RTX PRO 6000 Blackwell Workstation Edition,GPU-8cfe9244-1717-6a32-51e7-29fa37aa16b7,595.84,100.0,75.0,89444.0,97887.0,512.54,85.0,2752.0,
2026-08-09T02:44:09.745026Z,1.57470703125,1.951171875,2.5166015625,116643.23828125,126455.4765625,890.9453125,NVIDIA RTX PRO 6000 Blackwell Workstation Edition,GPU-8cfe9244-1717-6a32-51e7-29fa37aa16b7,595.84,100.0,88.0,89444.0,97887.0,496.03,80.0,2827.0,
2026-08-09T02:44:10.770271Z,1.57470703125,1.951171875,2.5166015625,116597.55859375,126455.4765625,890.9453125,NVIDIA RTX PRO 6000 Blackwell Workstation Edition,GPU-8cfe9244-1717-6a32-51e7-29fa37aa16b7,595.84,100.0,87.0,89444.0,97887.0,511.54,81.0,2662.0,
2026-08-09T02:44:11.797291Z,1.57470703125,1.951171875,2.5166015625,116612.18359375,126455.4765625,890.9609375,NVIDIA RTX PRO 6000 Blackwell Workstation Edition,GPU-8cfe9244-1717-6a32-51e7-29fa37aa16b7,595.84,100.0,89.0,89444.0,97887.0,495.36,80.0,2797.0,
2026-08-09T02:44:12.820786Z,1.5283203125,1.93505859375,2.50830078125,116601.84765625,126455.4765625,890.9609375,NVIDIA RTX PRO 6000 Blackwell Workstation Edition,GPU-8cfe9244-1717-6a32-51e7-29fa37aa16b7,595.84,100.0,85.0,89444.0,97887.0,461.06,80.0,2820.0,
2026-08-09T02:44:13.846158Z,1.5283203125,1.93505859375,2.50830078125,116606.8125,126455.4765625,890.9609375,NVIDIA RTX PRO 6000 Blackwell Workstation Edition,GPU-8cfe9244-1717-6a32-51e7-29fa37aa16b7,595.84,100.0,87.0,89444.0,97887.0,480.71,80.0,2827.0,
2026-08-09T02:44:14.871034Z,1.5283203125,1.93505859375,2.50830078125,116631.6796875,126455.4765625,890.9609375,NVIDIA RTX PRO 6000 Blackwell Workstation Edition,GPU-8cfe9244-1717-6a32-51e7-29fa37aa16b7,595.84,100.0,80.0,89444.0,97887.0,515.27,83.0,2782.0,
2026-08-09T02:44:15.894275Z,1.5283203125,1.93505859375,2.50830078125,116648.69921875,126455.4765625,890.9609375,NVIDIA RTX PRO 6000 Blackwell Workstation Edition,GPU-8cfe9244-1717-6a32-51e7-29fa37aa16b7,595.84,100.0,81.0,89444.0,97887.0,499.24,82.0,2797.0,
2026-08-09T02:44:16.911025Z,1.5283203125,1.93505859375,2.50830078125,116657.11328125,126455.4765625,890.96484375,NVIDIA RTX PRO 6000 Blackwell Workstation Edition,GPU-8cfe9244-1717-6a32-51e7-29fa37aa16b7,595.84,100.0,87.0,89444.0,97887.0,512.12,81.0,2737.0,
2026-08-09T02:44:17.935065Z,1.48583984375,1.91943359375,2.5,116651.390625,126455.4765625,890.96484375,NVIDIA RTX PRO 6000 Blackwell Workstation Edition,GPU-8cfe9244-1717-6a32-51e7-29fa37aa16b7,595.84,100.0,86.0,89444.0,97887.0,464.04,80.0,2827.0,
2026-08-09T02:44:18.958571Z,1.48583984375,1.91943359375,2.5,116693.80078125,126455.4765625,890.96484375,NVIDIA RTX PRO 6000 Blackwell Workstation Edition,GPU-8cfe9244-1717-6a32-51e7-29fa37aa16b7,595.84,100.0,87.0,89444.0,97887.0,467.44,81.0,2827.0,
2026-08-09T02:44:19.983616Z,1.48583984375,1.91943359375,2.5,116674.95703125,126455.4765625,890.96484375,NVIDIA RTX PRO 6000 Blackwell Workstation Edition,GPU-8cfe9244-1717-6a32-51e7-29fa37aa16b7,595.84,100.0,86.0,89444.0,97887.0,515.69,80.0,2797.0,
2026-08-09T02:44:21.012037Z,1.48583984375,1.91943359375,2.5,116673.05078125,126455.4765625,890.96484375,NVIDIA RTX PRO 6000 Blackwell Workstation Edition,GPU-8cfe9244-1717-6a32-51e7-29fa37aa16b7,595.84,100.0,86.0,89444.0,97887.0,478.63,80.0,2820.0,
2026-08-09T02:44:22.036833Z,1.48583984375,1.91943359375,2.5,116706.22265625,126455.4765625,890.96484375,NVIDIA RTX PRO 6000 Blackwell Workstation Edition,GPU-8cfe9244-1717-6a32-51e7-29fa37aa16b7,595.84,100.0,87.0,89444.0,97887.0,485.53,80.0,2827.0,
2026-08-09T02:44:23.062938Z,1.44677734375,1.90380859375,2.49169921875,116694.125,126455.4765625,890.96484375,NVIDIA RTX PRO 6000 Blackwell Workstation Edition,GPU-8cfe9244-1717-6a32-51e7-29fa37aa16b7,595.84,100.0,81.0,89444.0,97887.0,479.83,81.0,2767.0,
2026-08-09T02:44:24.079782Z,1.44677734375,1.90380859375,2.49169921875,116722.1328125,126455.4765625,890.96484375,NVIDIA RTX PRO 6000 Blackwell Workstation Edition,GPU-8cfe9244-1717-6a32-51e7-29fa37aa16b7,595.84,100.0,88.0,89444.0,97887.0,514.48,80.0,2827.0,
2026-08-09T02:44:25.106173Z,1.44677734375,1.90380859375,2.49169921875,116730.55078125,126455.4765625,890.96484375,NVIDIA RTX PRO 6000 Blackwell Workstation Edition,GPU-8cfe9244-1717-6a32-51e7-29fa37aa16b7,595.84,100.0,81.0,89444.0,97887.0,481.68,81.0,2797.0,
2026-08-09T02:44:26.125424Z,1.44677734375,1.90380859375,2.49169921875,116701.24609375,126455.4765625,890.96484375,NVIDIA RTX PRO 6000 Blackwell Workstation Edition,GPU-8cfe9244-1717-6a32-51e7-29fa37aa16b7,595.84,100.0,56.0,89444.0,97887.0,493.64,87.0,2655.0,
2026-08-09T02:44:27.148982Z,1.44677734375,1.90380859375,2.49169921875,116697.2734375,126455.4765625,890.96484375,NVIDIA RTX PRO 6000 Blackwell Workstation Edition,GPU-8cfe9244-1717-6a32-51e7-29fa37aa16b7,595.84,100.0,88.0,89444.0,97887.0,505.1,80.0,2827.0,
2026-08-09T02:44:28.171547Z,1.4912109375,1.90576171875,2.48876953125,116689.65625,126455.4765625,890.96875,NVIDIA RTX PRO 6000 Blackwell Workstation Edition,GPU-8cfe9244-1717-6a32-51e7-29fa37aa16b7,595.84,100.0,79.0,89444.0,97887.0,499.85,84.0,2640.0,
2026-08-09T02:44:29.198215Z,1.4912109375,1.90576171875,2.48876953125,116702.140625,126455.4765625,890.96875,NVIDIA RTX PRO 6000 Blackwell Workstation Edition,GPU-8cfe9244-1717-6a32-51e7-29fa37aa16b7,595.84,100.0,86.0,89444.0,97887.0,505.56,82.0,2670.0,
2026-08-09T02:44:30.222295Z,1.4912109375,1.90576171875,2.48876953125,116705.4921875,126455.4765625,890.96875,NVIDIA RTX PRO 6000 Blackwell Workstation Edition,GPU-8cfe9244-1717-6a32-51e7-29fa37aa16b7,595.84,100.0,86.0,89444.0,97887.0,487.03,80.0,2827.0,
2026-08-09T02:44:31.240128Z,1.4912109375,1.90576171875,2.48876953125,116683.95703125,126455.4765625,890.96875,NVIDIA RTX PRO 6000 Blackwell Workstation Edition,GPU-8cfe9244-1717-6a32-51e7-29fa37aa16b7,595.84,100.0,87.0,89444.0,97887.0,512.86,80.0,2805.0,
2026-08-09T02:44:32.264724Z,1.45166015625,1.890625,2.48046875,116683.2421875,126455.4765625,890.96875,NVIDIA RTX PRO 6000 Blackwell Workstation Edition,GPU-8cfe9244-1717-6a32-51e7-29fa37aa16b7,595.84,100.0,87.0,89444.0,97887.0,461.96,80.0,2827.0,
2026-08-09T02:44:33.282624Z,1.45166015625,1.890625,2.48046875,116674.54296875,126455.4765625,890.96875,NVIDIA RTX PRO 6000 Blackwell Workstation Edition,GPU-8cfe9244-1717-6a32-51e7-29fa37aa16b7,595.84,100.0,86.0,89444.0,97887.0,493.04,81.0,2827.0,
2026-08-09T02:44:34.305048Z,1.45166015625,1.890625,2.48046875,116685.6328125,126455.4765625,890.96875,NVIDIA RTX PRO 6000 Blackwell Workstation Edition,GPU-8cfe9244-1717-6a32-51e7-29fa37aa16b7,595.84,100.0,87.0,89444.0,97887.0,490.84,80.0,2827.0,
2026-08-09T02:44:35.329847Z,1.45166015625,1.890625,2.48046875,116653.06640625,126455.4765625,890.96875,NVIDIA RTX PRO 6000 Blackwell Workstation Edition,GPU-8cfe9244-1717-6a32-51e7-29fa37aa16b7,595.84,100.0,81.0,89444.0,97887.0,495.28,81.0,2767.0,
2026-08-09T02:44:36.354700Z,1.45166015625,1.890625,2.48046875,116663.8671875,126455.4765625,890.97265625,NVIDIA RTX PRO 6000 Blackwell Workstation Edition,GPU-8cfe9244-1717-6a32-51e7-29fa37aa16b7,595.84,100.0,87.0,89444.0,97887.0,481.69,80.0,2827.0,
2026-08-09T02:44:37.378721Z,1.4150390625,1.87548828125,2.47216796875,116683.08984375,126455.4765625,890.98828125,NVIDIA RTX PRO 6000 Blackwell Workstation Edition,GPU-8cfe9244-1717-6a32-51e7-29fa37aa16b7,595.84,100.0,86.0,89444.0,97887.0,498.57,80.0,2827.0,
2026-08-09T02:44:38.403506Z,1.4150390625,1.87548828125,2.47216796875,116688.65234375,126455.4765625,890.98828125,NVIDIA RTX PRO 6000 Blackwell Workstation Edition,GPU-8cfe9244-1717-6a32-51e7-29fa37aa16b7,595.84,100.0,86.0,89444.0,97887.0,470.93,80.0,2827.0,
2026-08-09T02:44:39.427176Z,1.4150390625,1.87548828125,2.47216796875,116719.11328125,126455.4765625,890.98828125,NVIDIA RTX PRO 6000 Blackwell Workstation Edition,GPU-8cfe9244-1717-6a32-51e7-29fa37aa16b7,595.84,100.0,86.0,89444.0,97887.0,468.39,80.0,2820.0,
2026-08-09T02:44:40.451012Z,1.4150390625,1.87548828125,2.47216796875,116711.2421875,126455.4765625,890.98828125,NVIDIA RTX PRO 6000 Blackwell Workstation Edition,GPU-8cfe9244-1717-6a32-51e7-29fa37aa16b7,595.84,100.0,63.0,89444.0,97887.0,493.65,83.0,2655.0,
2026-08-09T02:44:41.476971Z,1.4150390625,1.87548828125,2.47216796875,116711.9296875,126455.4765625,890.98828125,NVIDIA RTX PRO 6000 Blackwell Workstation Edition,GPU-8cfe9244-1717-6a32-51e7-29fa37aa16b7,595.84,100.0,87.0,89444.0,97887.0,464.73,81.0,2820.0,
2026-08-09T02:44:42.499874Z,1.4619140625,1.8779296875,2.46923828125,116698.76953125,126455.4765625,890.98828125,NVIDIA RTX PRO 6000 Blackwell Workstation Edition,GPU-8cfe9244-1717-6a32-51e7-29fa37aa16b7,595.84,100.0,86.0,89444.0,97887.0,493.85,80.0,2797.0,
2026-08-09T02:44:43.523635Z,1.4619140625,1.8779296875,2.46923828125,116729.20703125,126455.4765625,890.98828125,NVIDIA RTX PRO 6000 Blackwell Workstation Edition,GPU-8cfe9244-1717-6a32-51e7-29fa37aa16b7,595.84,100.0,86.0,89444.0,97887.0,487.73,80.0,2827.0,
2026-08-09T02:44:44.546654Z,1.4619140625,1.8779296875,2.46923828125,116736.11328125,126455.4765625,890.98828125,NVIDIA RTX PRO 6000 Blackwell Workstation Edition,GPU-8cfe9244-1717-6a32-51e7-29fa37aa16b7,595.84,100.0,82.0,89444.0,97887.0,506.3,82.0,2797.0,
2026-08-09T02:44:45.571067Z,1.4619140625,1.8779296875,2.46923828125,116721.15234375,126455.4765625,890.98828125,NVIDIA RTX PRO 6000 Blackwell Workstation Edition,GPU-8cfe9244-1717-6a32-51e7-29fa37aa16b7,595.84,100.0,86.0,89444.0,97887.0,488.85,80.0,2827.0,
2026-08-09T02:44:46.595109Z,1.4619140625,1.8779296875,2.46923828125,116684.19921875,126455.4765625,890.98828125,NVIDIA RTX PRO 6000 Blackwell Workstation Edition,GPU-8cfe9244-1717-6a32-51e7-29fa37aa16b7,595.84,100.0,80.0,89444.0,97887.0,512.74,81.0,2647.0,
2026-08-09T02:44:47.622954Z,1.4248046875,1.86328125,2.4609375,116674.8515625,126455.4765625,890.98828125,NVIDIA RTX PRO 6000 Blackwell Workstation Edition,GPU-8cfe9244-1717-6a32-51e7-29fa37aa16b7,595.84,100.0,87.0,89444.0,97887.0,501.18,80.0,2827.0,
2026-08-09T02:44:48.640968Z,1.4248046875,1.86328125,2.4609375,116672.62890625,126455.4765625,890.98828125,NVIDIA RTX PRO 6000 Blackwell Workstation Edition,GPU-8cfe9244-1717-6a32-51e7-29fa37aa16b7,595.84,100.0,86.0,89444.0,97887.0,493.64,80.0,2827.0,
2026-08-09T02:44:49.667260Z,1.4248046875,1.86328125,2.4609375,116618.75,126455.4765625,890.98828125,NVIDIA RTX PRO 6000 Blackwell Workstation Edition,GPU-8cfe9244-1717-6a32-51e7-29fa37aa16b7,595.84,100.0,88.0,89444.0,97887.0,467.34,80.0,2827.0,
2026-08-09T02:44:50.694872Z,1.4248046875,1.86328125,2.4609375,116698.3828125,126455.4765625,890.98828125,NVIDIA RTX PRO 6000 Blackwell Workstation Edition,GPU-8cfe9244-1717-6a32-51e7-29fa37aa16b7,595.84,100.0,86.0,89444.0,97887.0,502.48,80.0,2827.0,
2026-08-09T02:44:51.717938Z,1.4248046875,1.86328125,2.4609375,116711.50390625,126455.4765625,890.98828125,NVIDIA RTX PRO 6000 Blackwell Workstation Edition,GPU-8cfe9244-1717-6a32-51e7-29fa37aa16b7,595.84,100.0,81.0,89444.0,97887.0,469.55,81.0,2797.0,
2026-08-09T02:44:52.740405Z,1.390625,1.8486328125,2.45263671875,116697.3671875,126455.4765625,890.98828125,NVIDIA RTX PRO 6000 Blackwell Workstation Edition,GPU-8cfe9244-1717-6a32-51e7-29fa37aa16b7,595.84,100.0,87.0,89444.0,97887.0,501.5,80.0,2812.0,
2026-08-09T02:44:53.763092Z,1.390625,1.8486328125,2.45263671875,116721.00390625,126455.4765625,890.98828125,NVIDIA RTX PRO 6000 Blackwell Workstation Edition,GPU-8cfe9244-1717-6a32-51e7-29fa37aa16b7,595.84,100.0,84.0,89444.0,97887.0,478.91,83.0,2790.0,
2026-08-09T02:44:54.791875Z,1.390625,1.8486328125,2.45263671875,116717.88671875,126455.4765625,890.98828125,NVIDIA RTX PRO 6000 Blackwell Workstation Edition,GPU-8cfe9244-1717-6a32-51e7-29fa37aa16b7,595.84,100.0,72.0,89444.0,97887.0,522.88,86.0,2730.0,
2026-08-09T02:44:55.816401Z,1.390625,1.8486328125,2.45263671875,116735.08203125,126455.4765625,890.98828125,NVIDIA RTX PRO 6000 Blackwell Workstation Edition,GPU-8cfe9244-1717-6a32-51e7-29fa37aa16b7,595.84,100.0,86.0,89444.0,97887.0,502.76,80.0,2827.0,
2026-08-09T02:44:56.839005Z,1.390625,1.8486328125,2.45263671875,116732.765625,126455.4765625,890.98828125,NVIDIA RTX PRO 6000 Blackwell Workstation Edition,GPU-8cfe9244-1717-6a32-51e7-29fa37aa16b7,595.84,100.0,87.0,89444.0,97887.0,467.36,80.0,2827.0,
2026-08-09T02:44:57.862446Z,1.35888671875,1.83447265625,2.44482421875,116726.77734375,126455.4765625,890.99609375,NVIDIA RTX PRO 6000 Blackwell Workstation Edition,GPU-8cfe9244-1717-6a32-51e7-29fa37aa16b7,595.84,100.0,86.0,89444.0,97887.0,486.88,81.0,2752.0,
2026-08-09T02:44:58.886882Z,1.35888671875,1.83447265625,2.44482421875,116731.14453125,126455.4765625,890.99609375,NVIDIA RTX PRO 6000 Blackwell Workstation Edition,GPU-8cfe9244-1717-6a32-51e7-29fa37aa16b7,595.84,100.0,85.0,89444.0,97887.0,495.64,83.0,2812.0,
2026-08-09T02:44:59.910068Z,1.35888671875,1.83447265625,2.44482421875,116726.25,126455.4765625,890.99609375,NVIDIA RTX PRO 6000 Blackwell Workstation Edition,GPU-8cfe9244-1717-6a32-51e7-29fa37aa16b7,595.84,100.0,85.0,89444.0,97887.0,501.25,80.0,2820.0,
2026-08-09T02:45:00.934411Z,1.35888671875,1.83447265625,2.44482421875,116702.8515625,126455.4765625,890.99609375,NVIDIA RTX PRO 6000 Blackwell Workstation Edition,GPU-8cfe9244-1717-6a32-51e7-29fa37aa16b7,595.84,100.0,85.0,89444.0,97887.0,462.36,81.0,2820.0,
2026-08-09T02:45:01.958873Z,1.35888671875,1.83447265625,2.44482421875,116693.578125,126455.4765625,890.99609375,NVIDIA RTX PRO 6000 Blackwell Workstation Edition,GPU-8cfe9244-1717-6a32-51e7-29fa37aa16b7,595.84,100.0,87.0,89444.0,97887.0,500.64,80.0,2827.0,
2026-08-09T02:45:02.983962Z,1.330078125,1.8203125,2.43701171875,116715.44140625,126455.4765625,890.99609375,NVIDIA RTX PRO 6000 Blackwell Workstation Edition,GPU-8cfe9244-1717-6a32-51e7-29fa37aa16b7,595.84,100.0,86.0,89444.0,97887.0,533.47,81.0,2797.0,
2026-08-09T02:45:04.003094Z,1.330078125,1.8203125,2.43701171875,116696.00390625,126455.4765625,890.99609375,NVIDIA RTX PRO 6000 Blackwell Workstation Edition,GPU-8cfe9244-1717-6a32-51e7-29fa37aa16b7,595.84,100.0,66.0,89444.0,97887.0,497.38,83.0,2640.0,
2026-08-09T02:45:05.028720Z,1.330078125,1.8203125,2.43701171875,116707.3203125,126455.4765625,890.99609375,NVIDIA RTX PRO 6000 Blackwell Workstation Edition,GPU-8cfe9244-1717-6a32-51e7-29fa37aa16b7,595.84,100.0,83.0,89444.0,97887.0,466.52,83.0,2805.0,
2026-08-09T02:45:06.055843Z,1.330078125,1.8203125,2.43701171875,116655.84375,126455.4765625,890.99609375,NVIDIA RTX PRO 6000 Blackwell Workstation Edition,GPU-8cfe9244-1717-6a32-51e7-29fa37aa16b7,595.84,100.0,86.0,89444.0,97887.0,490.76,81.0,2797.0,
2026-08-09T02:45:07.080117Z,1.330078125,1.8203125,2.43701171875,116671.625,126455.4765625,890.99609375,NVIDIA RTX PRO 6000 Blackwell Workstation Edition,GPU-8cfe9244-1717-6a32-51e7-29fa37aa16b7,595.84,100.0,88.0,89444.0,97887.0,472.35,80.0,2827.0,
2026-08-09T02:45:08.107080Z,1.3837890625,1.82373046875,2.4345703125,116668.08203125,126455.4765625,891.0,NVIDIA RTX PRO 6000 Blackwell Workstation Edition,GPU-8cfe9244-1717-6a32-51e7-29fa37aa16b7,595.84,100.0,85.0,89444.0,97887.0,476.41,80.0,2827.0,
2026-08-09T02:45:09.130876Z,1.3837890625,1.82373046875,2.4345703125,116659.34375,126455.4765625,891.0,NVIDIA RTX PRO 6000 Blackwell Workstation Edition,GPU-8cfe9244-1717-6a32-51e7-29fa37aa16b7,595.84,100.0,88.0,89444.0,97887.0,490.76,80.0,2812.0,
2026-08-09T02:45:10.155021Z,1.3837890625,1.82373046875,2.4345703125,116675.43359375,126455.4765625,891.0,NVIDIA RTX PRO 6000 Blackwell Workstation Edition,GPU-8cfe9244-1717-6a32-51e7-29fa37aa16b7,595.84,100.0,85.0,89444.0,97887.0,505.64,81.0,2692.0,
2026-08-09T02:45:11.178380Z,1.3837890625,1.82373046875,2.4345703125,116713.78125,126455.4765625,891.0,NVIDIA RTX PRO 6000 Blackwell Workstation Edition,GPU-8cfe9244-1717-6a32-51e7-29fa37aa16b7,595.84,100.0,86.0,89444.0,97887.0,489.93,80.0,2827.0,
2026-08-09T02:45:12.202502Z,1.35302734375,1.8095703125,2.4267578125,116693.7421875,126455.4765625,891.0,NVIDIA RTX PRO 6000 Blackwell Workstation Edition,GPU-8cfe9244-1717-6a32-51e7-29fa37aa16b7,595.84,100.0,86.0,89444.0,97887.0,485.17,81.0,2640.0,
2026-08-09T02:45:13.229740Z,1.35302734375,1.8095703125,2.4267578125,116756.22265625,126455.4765625,891.0,NVIDIA RTX PRO 6000 Blackwell Workstation Edition,GPU-8cfe9244-1717-6a32-51e7-29fa37aa16b7,595.84,100.0,82.0,89444.0,97887.0,500.65,81.0,2782.0,
2026-08-09T02:45:14.253673Z,1.35302734375,1.8095703125,2.4267578125,116759.05859375,126455.4765625,891.0,NVIDIA RTX PRO 6000 Blackwell Workstation Edition,GPU-8cfe9244-1717-6a32-51e7-29fa37aa16b7,595.84,100.0,87.0,89444.0,97887.0,491.97,80.0,2827.0,
2026-08-09T02:45:15.280653Z,1.35302734375,1.8095703125,2.4267578125,116775.30859375,126455.4765625,891.00390625,NVIDIA RTX PRO 6000 Blackwell Workstation Edition,GPU-8cfe9244-1717-6a32-51e7-29fa37aa16b7,595.84,100.0,87.0,89444.0,97887.0,513.19,80.0,2820.0,
2026-08-09T02:45:16.304549Z,1.35302734375,1.8095703125,2.4267578125,116815.35546875,126455.4765625,891.00390625,NVIDIA RTX PRO 6000 Blackwell Workstation Edition,GPU-8cfe9244-1717-6a32-51e7-29fa37aa16b7,595.84,100.0,86.0,89444.0,97887.0,490.09,80.0,2827.0,
2026-08-09T02:45:17.328559Z,1.32470703125,1.7958984375,2.4189453125,116820.90625,126455.4765625,891.00390625,NVIDIA RTX PRO 6000 Blackwell Workstation Edition,GPU-8cfe9244-1717-6a32-51e7-29fa37aa16b7,595.84,100.0,87.0,89444.0,97887.0,464.49,80.0,2827.0,
2026-08-09T02:45:18.357014Z,1.32470703125,1.7958984375,2.4189453125,116806.859375,126455.4765625,891.00390625,NVIDIA RTX PRO 6000 Blackwell Workstation Edition,GPU-8cfe9244-1717-6a32-51e7-29fa37aa16b7,595.84,100.0,86.0,89444.0,97887.0,478.61,80.0,2797.0,
2026-08-09T02:45:19.381902Z,1.32470703125,1.7958984375,2.4189453125,116784.99609375,126455.4765625,891.00390625,NVIDIA RTX PRO 6000 Blackwell Workstation Edition,GPU-8cfe9244-1717-6a32-51e7-29fa37aa16b7,595.84,100.0,88.0,89444.0,97887.0,522.31,80.0,2827.0,
2026-08-09T02:45:20.411971Z,1.32470703125,1.7958984375,2.4189453125,116759.71875,126455.4765625,891.00390625,NVIDIA RTX PRO 6000 Blackwell Workstation Edition,GPU-8cfe9244-1717-6a32-51e7-29fa37aa16b7,595.84,100.0,87.0,89444.0,97887.0,494.67,80.0,2827.0,
2026-08-09T02:45:21.435749Z,1.32470703125,1.7958984375,2.4189453125,116758.234375,126455.4765625,891.00390625,NVIDIA RTX PRO 6000 Blackwell Workstation Edition,GPU-8cfe9244-1717-6a32-51e7-29fa37aa16b7,595.84,100.0,88.0,89444.0,97887.0,496.19,81.0,2715.0,
2026-08-09T02:45:22.461087Z,1.29833984375,1.7822265625,2.4111328125,116766.59765625,126455.4765625,891.00390625,NVIDIA RTX PRO 6000 Blackwell Workstation Edition,GPU-8cfe9244-1717-6a32-51e7-29fa37aa16b7,595.84,100.0,87.0,89444.0,97887.0,482.08,80.0,2827.0,
2026-08-09T02:45:23.486135Z,1.29833984375,1.7822265625,2.4111328125,116761.6875,126455.4765625,891.00390625,NVIDIA RTX PRO 6000 Blackwell Workstation Edition,GPU-8cfe9244-1717-6a32-51e7-29fa37aa16b7,595.84,100.0,64.0,89444.0,97887.0,494.62,87.0,2677.0,
2026-08-09T02:45:24.509877Z,1.29833984375,1.7822265625,2.4111328125,116756.98828125,126455.4765625,891.00390625,NVIDIA RTX PRO 6000 Blackwell Workstation Edition,GPU-8cfe9244-1717-6a32-51e7-29fa37aa16b7,595.84,100.0,72.0,89444.0,97887.0,506.67,86.0,2707.0,
2026-08-09T02:45:25.538493Z,1.29833984375,1.7822265625,2.4111328125,116759.28125,126455.4765625,891.00390625,NVIDIA RTX PRO 6000 Blackwell Workstation Edition,GPU-8cfe9244-1717-6a32-51e7-29fa37aa16b7,595.84,100.0,83.0,89444.0,97887.0,480.07,83.0,2805.0,
2026-08-09T02:45:26.562713Z,1.29833984375,1.7822265625,2.4111328125,116734.359375,126455.4765625,891.00390625,NVIDIA RTX PRO 6000 Blackwell Workstation Edition,GPU-8cfe9244-1717-6a32-51e7-29fa37aa16b7,595.84,100.0,88.0,89444.0,97887.0,486.96,80.0,2827.0,
2026-08-09T02:45:27.586694Z,1.2744140625,1.76904296875,2.4033203125,116730.90625,126455.4765625,891.00390625,NVIDIA RTX PRO 6000 Blackwell Workstation Edition,GPU-8cfe9244-1717-6a32-51e7-29fa37aa16b7,595.84,100.0,86.0,89444.0,97887.0,462.17,80.0,2827.0,
2026-08-09T02:45:28.609667Z,1.2744140625,1.76904296875,2.4033203125,116741.4921875,126455.4765625,891.00390625,NVIDIA RTX PRO 6000 Blackwell Workstation Edition,GPU-8cfe9244-1717-6a32-51e7-29fa37aa16b7,595.84,100.0,81.0,89444.0,97887.0,479.65,80.0,2797.0,
2026-08-09T02:45:29.628887Z,1.2744140625,1.76904296875,2.4033203125,116752.60546875,126455.4765625,891.00390625,NVIDIA RTX PRO 6000 Blackwell Workstation Edition,GPU-8cfe9244-1717-6a32-51e7-29fa37aa16b7,595.84,100.0,88.0,89444.0,97887.0,494.5,80.0,2827.0,
2026-08-09T02:45:30.654660Z,1.2744140625,1.76904296875,2.4033203125,116730.82421875,126455.4765625,891.00390625,NVIDIA RTX PRO 6000 Blackwell Workstation Edition,GPU-8cfe9244-1717-6a32-51e7-29fa37aa16b7,595.84,100.0,84.0,89444.0,97887.0,484.65,81.0,2797.0,
2026-08-09T02:45:31.682524Z,1.2744140625,1.76904296875,2.4033203125,116700.89453125,126455.4765625,891.00390625,NVIDIA RTX PRO 6000 Blackwell Workstation Edition,GPU-8cfe9244-1717-6a32-51e7-29fa37aa16b7,595.84,100.0,72.0,89444.0,97887.0,499.21,82.0,2655.0,
2026-08-09T02:45:32.706550Z,1.251953125,1.755859375,2.3955078125,116745.63671875,126455.4765625,891.00390625,NVIDIA RTX PRO 6000 Blackwell Workstation Edition,GPU-8cfe9244-1717-6a32-51e7-29fa37aa16b7,595.84,100.0,81.0,89444.0,97887.0,470.8,82.0,2797.0,
2026-08-09T02:45:33.729526Z,1.251953125,1.755859375,2.3955078125,116749.76953125,126455.4765625,891.00390625,NVIDIA RTX PRO 6000 Blackwell Workstation Edition,GPU-8cfe9244-1717-6a32-51e7-29fa37aa16b7,595.84,100.0,82.0,89444.0,97887.0,489.5,83.0,2767.0,
2026-08-09T02:45:34.751960Z,1.251953125,1.755859375,2.3955078125,116754.6875,126455.4765625,891.00390625,NVIDIA RTX PRO 6000 Blackwell Workstation Edition,GPU-8cfe9244-1717-6a32-51e7-29fa37aa16b7,595.84,100.0,88.0,89444.0,97887.0,512.72,80.0,2820.0,
2026-08-09T02:45:35.774803Z,1.251953125,1.755859375,2.3955078125,116739.62109375,126455.4765625,891.00390625,NVIDIA RTX PRO 6000 Blackwell Workstation Edition,GPU-8cfe9244-1717-6a32-51e7-29fa37aa16b7,595.84,100.0,86.0,89444.0,97887.0,478.89,80.0,2827.0,
2026-08-09T02:45:36.802701Z,1.251953125,1.755859375,2.3955078125,116710.75390625,126455.4765625,891.00390625,NVIDIA RTX PRO 6000 Blackwell Workstation Edition,GPU-8cfe9244-1717-6a32-51e7-29fa37aa16b7,595.84,100.0,88.0,89444.0,97887.0,496.3,80.0,2827.0,
2026-08-09T02:45:37.826833Z,1.31201171875,1.76025390625,2.39306640625,116701.9609375,126455.4765625,891.00390625,NVIDIA RTX PRO 6000 Blackwell Workstation Edition,GPU-8cfe9244-1717-6a32-51e7-29fa37aa16b7,595.84,100.0,86.0,89444.0,97887.0,497.52,80.0,2820.0,
2026-08-09T02:45:38.846806Z,1.31201171875,1.76025390625,2.39306640625,116693.796875,126455.4765625,891.00390625,NVIDIA RTX PRO 6000 Blackwell Workstation Edition,GPU-8cfe9244-1717-6a32-51e7-29fa37aa16b7,595.84,100.0,71.0,89444.0,97887.0,485.28,86.0,2737.0,
2026-08-09T02:45:39.870985Z,1.31201171875,1.76025390625,2.39306640625,116691.203125,126455.4765625,891.00390625,NVIDIA RTX PRO 6000 Blackwell Workstation Edition,GPU-8cfe9244-1717-6a32-51e7-29fa37aa16b7,595.84,100.0,86.0,89444.0,97887.0,471.28,80.0,2827.0,
2026-08-09T02:45:40.892599Z,1.31201171875,1.76025390625,2.39306640625,116649.0078125,126455.4765625,891.00390625,NVIDIA RTX PRO 6000 Blackwell Workstation Edition,GPU-8cfe9244-1717-6a32-51e7-29fa37aa16b7,595.84,100.0,86.0,89444.0,97887.0,478.55,80.0,2827.0,
2026-08-09T02:45:41.914396Z,1.31201171875,1.76025390625,2.39306640625,116646.43359375,126455.4765625,891.00390625,NVIDIA RTX PRO 6000 Blackwell Workstation Edition,GPU-8cfe9244-1717-6a32-51e7-29fa37aa16b7,595.84,100.0,66.0,89444.0,97887.0,541.39,83.0,2640.0,
2026-08-09T02:45:42.940275Z,2.96875,2.0966796875,2.49853515625,116664.828125,126455.4765625,891.00390625,NVIDIA RTX PRO 6000 Blackwell Workstation Edition,GPU-8cfe9244-1717-6a32-51e7-29fa37aa16b7,595.84,100.0,85.0,89444.0,97887.0,477.66,80.0,2820.0,
2026-08-09T02:45:43.957806Z,2.96875,2.0966796875,2.49853515625,116683.33203125,126455.4765625,891.00390625,NVIDIA RTX PRO 6000 Blackwell Workstation Edition,GPU-8cfe9244-1717-6a32-51e7-29fa37aa16b7,595.84,100.0,88.0,89444.0,97887.0,501.65,80.0,2827.0,
2026-08-09T02:45:44.982297Z,2.96875,2.0966796875,2.49853515625,116689.84765625,126455.4765625,891.00390625,NVIDIA RTX PRO 6000 Blackwell Workstation Edition,GPU-8cfe9244-1717-6a32-51e7-29fa37aa16b7,595.84,100.0,86.0,89444.0,97887.0,489.45,80.0,2827.0,
2026-08-09T02:45:46.005954Z,2.96875,2.0966796875,2.49853515625,116682.3671875,126455.4765625,891.00390625,NVIDIA RTX PRO 6000 Blackwell Workstation Edition,GPU-8cfe9244-1717-6a32-51e7-29fa37aa16b7,595.84,100.0,87.0,89444.0,97887.0,466.3,80.0,2820.0,
2026-08-09T02:45:47.030050Z,2.96875,2.0966796875,2.49853515625,116685.0390625,126455.4765625,891.00390625,NVIDIA RTX PRO 6000 Blackwell Workstation Edition,GPU-8cfe9244-1717-6a32-51e7-29fa37aa16b7,595.84,100.0,82.0,89444.0,97887.0,510.63,81.0,2797.0,
2026-08-09T02:45:48.057827Z,2.81103515625,2.078125,2.490234375,116682.734375,126455.4765625,891.00390625,NVIDIA RTX PRO 6000 Blackwell Workstation Edition,GPU-8cfe9244-1717-6a32-51e7-29fa37aa16b7,595.84,100.0,86.0,89444.0,97887.0,497.87,80.0,2812.0,
2026-08-09T02:45:49.082071Z,2.81103515625,2.078125,2.490234375,116681.28515625,126455.4765625,891.00390625,NVIDIA RTX PRO 6000 Blackwell Workstation Edition,GPU-8cfe9244-1717-6a32-51e7-29fa37aa16b7,595.84,100.0,81.0,89444.0,97887.0,492.36,83.0,2797.0,
2026-08-09T02:45:50.105800Z,2.81103515625,2.078125,2.490234375,116704.3359375,126455.4765625,891.00390625,NVIDIA RTX PRO 6000 Blackwell Workstation Edition,GPU-8cfe9244-1717-6a32-51e7-29fa37aa16b7,595.84,100.0,84.0,89444.0,97887.0,491.25,81.0,2805.0,
2026-08-09T02:45:51.123271Z,2.81103515625,2.078125,2.490234375,116657.25390625,126455.4765625,891.00390625,NVIDIA RTX PRO 6000 Blackwell Workstation Edition,GPU-8cfe9244-1717-6a32-51e7-29fa37aa16b7,595.84,100.0,86.0,89444.0,97887.0,492.21,80.0,2827.0,
2026-08-09T02:45:52.149319Z,2.81103515625,2.078125,2.490234375,116666.1796875,126455.4765625,891.0078125,NVIDIA RTX PRO 6000 Blackwell Workstation Edition,GPU-8cfe9244-1717-6a32-51e7-29fa37aa16b7,595.84,100.0,87.0,89444.0,97887.0,475.4,80.0,2827.0,
2026-08-09T02:45:53.176808Z,2.66552734375,2.06005859375,2.48193359375,116709.2109375,126455.4765625,891.0078125,NVIDIA RTX PRO 6000 Blackwell Workstation Edition,GPU-8cfe9244-1717-6a32-51e7-29fa37aa16b7,595.84,100.0,86.0,89444.0,97887.0,499.19,81.0,2820.0,
2026-08-09T02:45:54.198359Z,2.66552734375,2.06005859375,2.48193359375,116713.890625,126455.4765625,891.0078125,NVIDIA RTX PRO 6000 Blackwell Workstation Edition,GPU-8cfe9244-1717-6a32-51e7-29fa37aa16b7,595.84,100.0,88.0,89444.0,97887.0,472.95,80.0,2827.0,
2026-08-09T02:45:55.222644Z,2.66552734375,2.06005859375,2.48193359375,116709.46875,126455.4765625,891.0078125,NVIDIA RTX PRO 6000 Blackwell Workstation Edition,GPU-8cfe9244-1717-6a32-51e7-29fa37aa16b7,595.84,100.0,74.0,89444.0,97887.0,525.46,82.0,2640.0,
2026-08-09T02:45:56.251080Z,2.66552734375,2.06005859375,2.48193359375,116712.19140625,126455.4765625,891.0078125,NVIDIA RTX PRO 6000 Blackwell Workstation Edition,GPU-8cfe9244-1717-6a32-51e7-29fa37aa16b7,595.84,100.0,86.0,89444.0,97887.0,472.79,80.0,2827.0,
2026-08-09T02:45:57.275844Z,2.53173828125,2.0419921875,2.4736328125,116719.703125,126455.4765625,891.0078125,NVIDIA RTX PRO 6000 Blackwell Workstation Edition,GPU-8cfe9244-1717-6a32-51e7-29fa37aa16b7,595.84,100.0,72.0,89444.0,97887.0,509.33,82.0,2565.0,
2026-08-09T02:45:58.297534Z,2.53173828125,2.0419921875,2.4736328125,116754.47265625,126455.4765625,891.0078125,NVIDIA RTX PRO 6000 Blackwell Workstation Edition,GPU-8cfe9244-1717-6a32-51e7-29fa37aa16b7,595.84,100.0,85.0,89444.0,97887.0,494.02,80.0,2827.0,
2026-08-09T02:45:59.324647Z,2.53173828125,2.0419921875,2.4736328125,116762.859375,126455.4765625,891.0078125,NVIDIA RTX PRO 6000 Blackwell Workstation Edition,GPU-8cfe9244-1717-6a32-51e7-29fa37aa16b7,595.84,100.0,88.0,89444.0,97887.0,481.51,80.0,2820.0,
2026-08-09T02:46:00.344507Z,2.53173828125,2.0419921875,2.4736328125,116743.83984375,126455.4765625,891.0078125,NVIDIA RTX PRO 6000 Blackwell Workstation Edition,GPU-8cfe9244-1717-6a32-51e7-29fa37aa16b7,595.84,100.0,86.0,89444.0,97887.0,495.28,80.0,2820.0,
2026-08-09T02:46:01.367590Z,2.53173828125,2.0419921875,2.4736328125,116707.890625,126455.4765625,891.0078125,NVIDIA RTX PRO 6000 Blackwell Workstation Edition,GPU-8cfe9244-1717-6a32-51e7-29fa37aa16b7,595.84,100.0,82.0,89444.0,97887.0,492.18,81.0,2797.0,
2026-08-09T02:46:02.396148Z,2.40869140625,2.0244140625,2.46533203125,116735.80078125,126455.4765625,891.0078125,NVIDIA RTX PRO 6000 Blackwell Workstation Edition,GPU-8cfe9244-1717-6a32-51e7-29fa37aa16b7,595.84,100.0,86.0,89444.0,97887.0,476.75,80.0,2820.0,
2026-08-09T02:46:03.419149Z,2.40869140625,2.0244140625,2.46533203125,116752.69921875,126455.4765625,891.0078125,NVIDIA RTX PRO 6000 Blackwell Workstation Edition,GPU-8cfe9244-1717-6a32-51e7-29fa37aa16b7,595.84,100.0,81.0,89444.0,97887.0,494.21,83.0,2797.0,
2026-08-09T02:46:04.444630Z,2.40869140625,2.0244140625,2.46533203125,116749.05859375,126455.4765625,891.0078125,NVIDIA RTX PRO 6000 Blackwell Workstation Edition,GPU-8cfe9244-1717-6a32-51e7-29fa37aa16b7,595.84,100.0,85.0,89444.0,97887.0,517.79,82.0,2805.0,
2026-08-09T02:46:05.469012Z,2.40869140625,2.0244140625,2.46533203125,116747.53125,126455.4765625,891.0078125,NVIDIA RTX PRO 6000 Blackwell Workstation Edition,GPU-8cfe9244-1717-6a32-51e7-29fa37aa16b7,595.84,100.0,86.0,89444.0,97887.0,489.63,80.0,2812.0,
2026-08-09T02:46:06.492709Z,2.40869140625,2.0244140625,2.46533203125,116754.31640625,126455.4765625,891.0078125,NVIDIA RTX PRO 6000 Blackwell Workstation Edition,GPU-8cfe9244-1717-6a32-51e7-29fa37aa16b7,595.84,100.0,57.0,89444.0,97887.0,490.79,87.0,2647.0,
2026-08-09T02:46:07.520003Z,2.29541015625,2.00732421875,2.45703125,116768.15625,126455.4765625,891.0078125,NVIDIA RTX PRO 6000 Blackwell Workstation Edition,GPU-8cfe9244-1717-6a32-51e7-29fa37aa16b7,595.84,100.0,69.0,89444.0,97887.0,477.6,86.0,2722.0,
2026-08-09T02:46:08.543936Z,2.29541015625,2.00732421875,2.45703125,116786.33984375,126455.4765625,891.0078125,NVIDIA RTX PRO 6000 Blackwell Workstation Edition,GPU-8cfe9244-1717-6a32-51e7-29fa37aa16b7,595.84,100.0,86.0,89444.0,97887.0,512.44,81.0,2752.0,
2026-08-09T02:46:09.570972Z,2.29541015625,2.00732421875,2.45703125,116787.25,126455.4765625,891.0078125,NVIDIA RTX PRO 6000 Blackwell Workstation Edition,GPU-8cfe9244-1717-6a32-51e7-29fa37aa16b7,595.84,100.0,89.0,89444.0,97887.0,486.95,80.0,2827.0,
2026-08-09T02:46:10.595033Z,2.29541015625,2.00732421875,2.45703125,116776.3671875,126455.4765625,891.0078125,NVIDIA RTX PRO 6000 Blackwell Workstation Edition,GPU-8cfe9244-1717-6a32-51e7-29fa37aa16b7,595.84,100.0,86.0,89444.0,97887.0,471.61,80.0,2820.0,
2026-08-09T02:46:11.626674Z,2.29541015625,2.00732421875,2.45703125,116726.4140625,126455.4765625,891.0078125,NVIDIA RTX PRO 6000 Blackwell Workstation Edition,GPU-8cfe9244-1717-6a32-51e7-29fa37aa16b7,595.84,100.0,88.0,89444.0,97887.0,503.11,80.0,2827.0,
2026-08-09T02:46:12.650150Z,2.271484375,2.0068359375,2.4541015625,116731.08984375,126455.4765625,891.0078125,NVIDIA RTX PRO 6000 Blackwell Workstation Edition,GPU-8cfe9244-1717-6a32-51e7-29fa37aa16b7,595.84,100.0,87.0,89444.0,97887.0,471.3,80.0,2827.0,
2026-08-09T02:46:13.674075Z,2.271484375,2.0068359375,2.4541015625,116721.3046875,126455.4765625,891.0078125,NVIDIA RTX PRO 6000 Blackwell Workstation Edition,GPU-8cfe9244-1717-6a32-51e7-29fa37aa16b7,595.84,100.0,86.0,89444.0,97887.0,515.08,80.0,2820.0,
2026-08-09T02:46:14.698963Z,2.271484375,2.0068359375,2.4541015625,116729.83984375,126455.4765625,891.0078125,NVIDIA RTX PRO 6000 Blackwell Workstation Edition,GPU-8cfe9244-1717-6a32-51e7-29fa37aa16b7,595.84,100.0,69.0,89444.0,97887.0,500.86,86.0,2715.0,
2026-08-09T02:46:15.724823Z,2.271484375,2.0068359375,2.4541015625,116722.1015625,126455.4765625,891.01171875,NVIDIA RTX PRO 6000 Blackwell Workstation Edition,GPU-8cfe9244-1717-6a32-51e7-29fa37aa16b7,595.84,100.0,86.0,89444.0,97887.0,498.28,80.0,2827.0,
2026-08-09T02:46:16.745440Z,2.271484375,2.0068359375,2.4541015625,116714.90234375,126455.4765625,891.01171875,NVIDIA RTX PRO 6000 Blackwell Workstation Edition,GPU-8cfe9244-1717-6a32-51e7-29fa37aa16b7,595.84,100.0,88.0,89444.0,97887.0,497.35,80.0,2827.0,
2026-08-09T02:46:17.768946Z,2.16943359375,1.98974609375,2.4462890625,116711.21484375,126455.4765625,891.015625,NVIDIA RTX PRO 6000 Blackwell Workstation Edition,GPU-8cfe9244-1717-6a32-51e7-29fa37aa16b7,595.84,100.0,84.0,89444.0,97887.0,493.07,83.0,2805.0,
2026-08-09T02:46:18.787042Z,2.16943359375,1.98974609375,2.4462890625,116680.26953125,126455.4765625,891.01953125,NVIDIA RTX PRO 6000 Blackwell Workstation Edition,GPU-8cfe9244-1717-6a32-51e7-29fa37aa16b7,595.84,100.0,83.0,89444.0,97887.0,513.42,81.0,2775.0,
2026-08-09T02:46:19.812937Z,2.16943359375,1.98974609375,2.4462890625,116751.41796875,126455.4765625,891.0234375,NVIDIA RTX PRO 6000 Blackwell Workstation Edition,GPU-8cfe9244-1717-6a32-51e7-29fa37aa16b7,595.84,100.0,88.0,89444.0,97887.0,481.35,80.0,2827.0,
2026-08-09T02:46:20.839853Z,2.16943359375,1.98974609375,2.4462890625,116735.16015625,126455.4765625,891.02734375,NVIDIA RTX PRO 6000 Blackwell Workstation Edition,GPU-8cfe9244-1717-6a32-51e7-29fa37aa16b7,595.84,100.0,76.0,89444.0,97887.0,474.79,84.0,2752.0,
2026-08-09T02:46:21.858600Z,2.16943359375,1.98974609375,2.4462890625,116750.21875,126455.4765625,891.02734375,NVIDIA RTX PRO 6000 Blackwell Workstation Edition,GPU-8cfe9244-1717-6a32-51e7-29fa37aa16b7,595.84,100.0,88.0,89444.0,97887.0,514.95,80.0,2827.0,
2026-08-09T02:46:22.884307Z,2.07568359375,1.97314453125,2.4384765625,116742.26171875,126455.4765625,891.02734375,NVIDIA RTX PRO 6000 Blackwell Workstation Edition,GPU-8cfe9244-1717-6a32-51e7-29fa37aa16b7,595.84,100.0,86.0,89444.0,97887.0,464.04,80.0,2827.0,
2026-08-09T02:46:23.911038Z,2.07568359375,1.97314453125,2.4384765625,116697.26953125,126455.4765625,891.02734375,NVIDIA RTX PRO 6000 Blackwell Workstation Edition,GPU-8cfe9244-1717-6a32-51e7-29fa37aa16b7,595.84,100.0,83.0,89444.0,97887.0,483.46,81.0,2797.0,
2026-08-09T02:46:24.934143Z,2.07568359375,1.97314453125,2.4384765625,116732.390625,126455.4765625,891.02734375,NVIDIA RTX PRO 6000 Blackwell Workstation Edition,GPU-8cfe9244-1717-6a32-51e7-29fa37aa16b7,595.84,100.0,74.0,89444.0,97887.0,504.7,85.0,2745.0,
2026-08-09T02:46:25.964064Z,2.07568359375,1.97314453125,2.4384765625,116714.34375,126455.4765625,891.02734375,NVIDIA RTX PRO 6000 Blackwell Workstation Edition,GPU-8cfe9244-1717-6a32-51e7-29fa37aa16b7,595.84,100.0,87.0,89444.0,97887.0,502.5,80.0,2797.0,
2026-08-09T02:46:26.988036Z,2.07568359375,1.97314453125,2.4384765625,116711.78125,126455.4765625,891.02734375,NVIDIA RTX PRO 6000 Blackwell Workstation Edition,GPU-8cfe9244-1717-6a32-51e7-29fa37aa16b7,595.84,100.0,87.0,89444.0,97887.0,501.48,80.0,2812.0,
2026-08-09T02:46:28.011032Z,1.9892578125,1.95654296875,2.4306640625,116728.0625,126455.4765625,891.02734375,NVIDIA RTX PRO 6000 Blackwell Workstation Edition,GPU-8cfe9244-1717-6a32-51e7-29fa37aa16b7,595.84,100.0,86.0,89444.0,97887.0,469.98,80.0,2827.0,
2026-08-09T02:46:29.033953Z,1.9892578125,1.95654296875,2.4306640625,116737.40234375,126455.4765625,891.02734375,NVIDIA RTX PRO 6000 Blackwell Workstation Edition,GPU-8cfe9244-1717-6a32-51e7-29fa37aa16b7,595.84,100.0,87.0,89444.0,97887.0,476.29,81.0,2820.0,
2026-08-09T02:46:30.052727Z,1.9892578125,1.95654296875,2.4306640625,116758.6171875,126455.4765625,891.02734375,NVIDIA RTX PRO 6000 Blackwell Workstation Edition,GPU-8cfe9244-1717-6a32-51e7-29fa37aa16b7,595.84,100.0,83.0,89444.0,97887.0,495.61,81.0,2805.0,
2026-08-09T02:46:31.075781Z,1.9892578125,1.95654296875,2.4306640625,116720.140625,126455.4765625,891.02734375,NVIDIA RTX PRO 6000 Blackwell Workstation Edition,GPU-8cfe9244-1717-6a32-51e7-29fa37aa16b7,595.84,100.0,87.0,89444.0,97887.0,522.03,81.0,2655.0,
2026-08-09T02:46:32.103615Z,1.9892578125,1.95654296875,2.4306640625,116730.87109375,126455.4765625,891.02734375,NVIDIA RTX PRO 6000 Blackwell Workstation Edition,GPU-8cfe9244-1717-6a32-51e7-29fa37aa16b7,595.84,100.0,87.0,89444.0,97887.0,491.77,80.0,2805.0,
2026-08-09T02:46:33.129215Z,1.90966796875,1.9404296875,2.4228515625,116735.6015625,126455.4765625,891.02734375,NVIDIA RTX PRO 6000 Blackwell Workstation Edition,GPU-8cfe9244-1717-6a32-51e7-29fa37aa16b7,595.84,100.0,86.0,89444.0,97887.0,466.98,80.0,2827.0,
2026-08-09T02:46:34.148818Z,1.90966796875,1.9404296875,2.4228515625,116741.1171875,126455.4765625,891.02734375,NVIDIA RTX PRO 6000 Blackwell Workstation Edition,GPU-8cfe9244-1717-6a32-51e7-29fa37aa16b7,595.84,100.0,87.0,89444.0,97887.0,472.7,80.0,2827.0,
2026-08-09T02:46:35.177502Z,1.90966796875,1.9404296875,2.4228515625,116747.83203125,126455.4765625,891.02734375,NVIDIA RTX PRO 6000 Blackwell Workstation Edition,GPU-8cfe9244-1717-6a32-51e7-29fa37aa16b7,595.84,100.0,85.0,89444.0,97887.0,501.53,81.0,2797.0,
2026-08-09T02:46:36.202749Z,1.90966796875,1.9404296875,2.4228515625,116720.2890625,126455.4765625,891.02734375,NVIDIA RTX PRO 6000 Blackwell Workstation Edition,GPU-8cfe9244-1717-6a32-51e7-29fa37aa16b7,595.84,100.0,85.0,89444.0,97887.0,458.29,80.0,2827.0,
2026-08-09T02:46:37.227584Z,1.83642578125,1.9248046875,2.4150390625,116734.64453125,126455.4765625,891.04296875,NVIDIA RTX PRO 6000 Blackwell Workstation Edition,GPU-8cfe9244-1717-6a32-51e7-29fa37aa16b7,595.84,100.0,84.0,89444.0,97887.0,501.32,81.0,2797.0,
2026-08-09T02:46:38.252117Z,1.83642578125,1.9248046875,2.4150390625,116731.5234375,126455.4765625,891.04296875,NVIDIA RTX PRO 6000 Blackwell Workstation Edition,GPU-8cfe9244-1717-6a32-51e7-29fa37aa16b7,595.84,100.0,83.0,89444.0,97887.0,474.7,81.0,2775.0,
2026-08-09T02:46:39.278946Z,1.83642578125,1.9248046875,2.4150390625,116723.16796875,126455.4765625,891.04296875,NVIDIA RTX PRO 6000 Blackwell Workstation Edition,GPU-8cfe9244-1717-6a32-51e7-29fa37aa16b7,595.84,100.0,87.0,89444.0,97887.0,486.99,80.0,2827.0,
2026-08-09T02:46:40.302995Z,1.83642578125,1.9248046875,2.4150390625,116737.16796875,126455.4765625,891.04296875,NVIDIA RTX PRO 6000 Blackwell Workstation Edition,GPU-8cfe9244-1717-6a32-51e7-29fa37aa16b7,595.84,100.0,81.0,89444.0,97887.0,486.95,81.0,2797.0,
2026-08-09T02:46:41.328062Z,1.83642578125,1.9248046875,2.4150390625,116723.55859375,126455.4765625,891.04296875,NVIDIA RTX PRO 6000 Blackwell Workstation Edition,GPU-8cfe9244-1717-6a32-51e7-29fa37aa16b7,595.84,100.0,85.0,89444.0,97887.0,469.54,80.0,2827.0,
2026-08-09T02:46:42.352203Z,1.76904296875,1.9091796875,2.4072265625,116722.4375,126455.4765625,891.04296875,NVIDIA RTX PRO 6000 Blackwell Workstation Edition,GPU-8cfe9244-1717-6a32-51e7-29fa37aa16b7,595.84,100.0,82.0,89444.0,97887.0,508.0,81.0,2797.0,
2026-08-09T02:46:43.371977Z,1.76904296875,1.9091796875,2.4072265625,116726.73828125,126455.4765625,891.04296875,NVIDIA RTX PRO 6000 Blackwell Workstation Edition,GPU-8cfe9244-1717-6a32-51e7-29fa37aa16b7,595.84,100.0,87.0,89444.0,97887.0,470.62,80.0,2827.0,
2026-08-09T02:46:44.397941Z,1.76904296875,1.9091796875,2.4072265625,116724.734375,126455.4765625,891.04296875,NVIDIA RTX PRO 6000 Blackwell Workstation Edition,GPU-8cfe9244-1717-6a32-51e7-29fa37aa16b7,595.84,100.0,87.0,89444.0,97887.0,500.58,81.0,2752.0,
2026-08-09T02:46:45.425157Z,1.76904296875,1.9091796875,2.4072265625,116754.3515625,126455.4765625,891.04296875,NVIDIA RTX PRO 6000 Blackwell Workstation Edition,GPU-8cfe9244-1717-6a32-51e7-29fa37aa16b7,595.84,100.0,86.0,89444.0,97887.0,472.3,80.0,2827.0,
2026-08-09T02:46:46.441873Z,1.76904296875,1.9091796875,2.4072265625,116734.52734375,126455.4765625,891.04296875,NVIDIA RTX PRO 6000 Blackwell Workstation Edition,GPU-8cfe9244-1717-6a32-51e7-29fa37aa16b7,595.84,100.0,88.0,89444.0,97887.0,503.74,80.0,2820.0,
2026-08-09T02:46:47.466050Z,1.70703125,1.89404296875,2.3994140625,116724.65234375,126455.4765625,891.04296875,NVIDIA RTX PRO 6000 Blackwell Workstation Edition,GPU-8cfe9244-1717-6a32-51e7-29fa37aa16b7,595.84,100.0,78.0,89444.0,97887.0,502.0,84.0,2625.0,
2026-08-09T02:46:48.493207Z,1.70703125,1.89404296875,2.3994140625,116724.49609375,126455.4765625,891.04296875,NVIDIA RTX PRO 6000 Blackwell Workstation Edition,GPU-8cfe9244-1717-6a32-51e7-29fa37aa16b7,595.84,100.0,85.0,89444.0,97887.0,491.12,82.0,2797.0,
2026-08-09T02:46:49.517216Z,1.70703125,1.89404296875,2.3994140625,116747.3515625,126455.4765625,891.04296875,NVIDIA RTX PRO 6000 Blackwell Workstation Edition,GPU-8cfe9244-1717-6a32-51e7-29fa37aa16b7,595.84,100.0,88.0,89444.0,97887.0,473.8,80.0,2827.0,
2026-08-09T02:46:50.540347Z,1.70703125,1.89404296875,2.3994140625,116756.00390625,126455.4765625,891.04296875,NVIDIA RTX PRO 6000 Blackwell Workstation Edition,GPU-8cfe9244-1717-6a32-51e7-29fa37aa16b7,595.84,100.0,86.0,89444.0,97887.0,500.03,80.0,2827.0,
2026-08-09T02:46:51.559364Z,1.70703125,1.89404296875,2.3994140625,116752.234375,126455.4765625,891.04296875,NVIDIA RTX PRO 6000 Blackwell Workstation Edition,GPU-8cfe9244-1717-6a32-51e7-29fa37aa16b7,595.84,100.0,88.0,89444.0,97887.0,488.76,80.0,2820.0,
2026-08-09T02:46:52.584340Z,1.73095703125,1.89599609375,2.39697265625,116744.6875,126455.4765625,891.04296875,NVIDIA RTX PRO 6000 Blackwell Workstation Edition,GPU-8cfe9244-1717-6a32-51e7-29fa37aa16b7,595.84,100.0,86.0,89444.0,97887.0,468.2,80.0,2827.0,
2026-08-09T02:46:53.608797Z,1.73095703125,1.89599609375,2.39697265625,116738.59375,126455.4765625,891.04296875,NVIDIA RTX PRO 6000 Blackwell Workstation Edition,GPU-8cfe9244-1717-6a32-51e7-29fa37aa16b7,595.84,100.0,87.0,89444.0,97887.0,488.67,80.0,2805.0,
2026-08-09T02:46:54.633088Z,1.73095703125,1.89599609375,2.39697265625,116754.46875,126455.4765625,891.04296875,NVIDIA RTX PRO 6000 Blackwell Workstation Edition,GPU-8cfe9244-1717-6a32-51e7-29fa37aa16b7,595.84,100.0,78.0,89444.0,97887.0,486.04,82.0,2655.0,
2026-08-09T02:46:55.657552Z,1.73095703125,1.89599609375,2.39697265625,116693.078125,126455.4765625,891.04296875,NVIDIA RTX PRO 6000 Blackwell Workstation Edition,GPU-8cfe9244-1717-6a32-51e7-29fa37aa16b7,595.84,100.0,84.0,89444.0,97887.0,513.23,82.0,2655.0,
2026-08-09T02:46:56.679632Z,1.73095703125,1.89599609375,2.39697265625,116688.828125,126455.4765625,891.046875,NVIDIA RTX PRO 6000 Blackwell Workstation Edition,GPU-8cfe9244-1717-6a32-51e7-29fa37aa16b7,595.84,100.0,88.0,89444.0,97887.0,511.85,82.0,2820.0,
2026-08-09T02:46:57.703932Z,1.67236328125,1.880859375,2.38916015625,116681.20703125,126455.4765625,891.046875,NVIDIA RTX PRO 6000 Blackwell Workstation Edition,GPU-8cfe9244-1717-6a32-51e7-29fa37aa16b7,595.84,100.0,84.0,89444.0,97887.0,470.97,81.0,2797.0,
2026-08-09T02:46:58.727822Z,1.67236328125,1.880859375,2.38916015625,116684.546875,126455.4765625,891.046875,NVIDIA RTX PRO 6000 Blackwell Workstation Edition,GPU-8cfe9244-1717-6a32-51e7-29fa37aa16b7,595.84,100.0,86.0,89444.0,97887.0,481.08,80.0,2827.0,
2026-08-09T02:46:59.753035Z,1.67236328125,1.880859375,2.38916015625,116694.71484375,126455.4765625,891.046875,NVIDIA RTX PRO 6000 Blackwell Workstation Edition,GPU-8cfe9244-1717-6a32-51e7-29fa37aa16b7,595.84,100.0,63.0,89444.0,97887.0,492.82,86.0,2655.0,
2026-08-09T02:47:00.779964Z,1.67236328125,1.880859375,2.38916015625,116755.0859375,126455.4765625,891.046875,NVIDIA RTX PRO 6000 Blackwell Workstation Edition,GPU-8cfe9244-1717-6a32-51e7-29fa37aa16b7,595.84,100.0,58.0,89444.0,97887.0,536.45,87.0,2587.0,
2026-08-09T02:47:01.803043Z,1.67236328125,1.880859375,2.38916015625,116755.3203125,126455.4765625,891.046875,NVIDIA RTX PRO 6000 Blackwell Workstation Edition,GPU-8cfe9244-1717-6a32-51e7-29fa37aa16b7,595.84,100.0,70.0,89444.0,97887.0,484.55,86.0,2715.0,
2026-08-09T02:47:02.827237Z,1.6181640625,1.8662109375,2.38134765625,116762.48046875,126455.4765625,891.046875,NVIDIA RTX PRO 6000 Blackwell Workstation Edition,GPU-8cfe9244-1717-6a32-51e7-29fa37aa16b7,595.84,100.0,81.0,89444.0,97887.0,496.06,84.0,2767.0,
2026-08-09T02:47:03.852796Z,1.6181640625,1.8662109375,2.38134765625,116772.35546875,126455.4765625,891.046875,NVIDIA RTX PRO 6000 Blackwell Workstation Edition,GPU-8cfe9244-1717-6a32-51e7-29fa37aa16b7,595.84,100.0,86.0,89444.0,97887.0,478.73,80.0,2700.0,
2026-08-09T02:47:04.876643Z,1.6181640625,1.8662109375,2.38134765625,116762.00390625,126455.4765625,891.046875,NVIDIA RTX PRO 6000 Blackwell Workstation Edition,GPU-8cfe9244-1717-6a32-51e7-29fa37aa16b7,595.84,100.0,63.0,89444.0,97887.0,529.5,87.0,2670.0,
2026-08-09T02:47:05.905958Z,1.6181640625,1.8662109375,2.38134765625,116713.25390625,126455.4765625,891.046875,NVIDIA RTX PRO 6000 Blackwell Workstation Edition,GPU-8cfe9244-1717-6a32-51e7-29fa37aa16b7,595.84,100.0,87.0,89444.0,97887.0,479.7,80.0,2827.0,
2026-08-09T02:47:06.930227Z,1.6181640625,1.8662109375,2.38134765625,116767.3515625,126455.4765625,891.046875,NVIDIA RTX PRO 6000 Blackwell Workstation Edition,GPU-8cfe9244-1717-6a32-51e7-29fa37aa16b7,595.84,100.0,86.0,89444.0,97887.0,472.84,81.0,2797.0,
2026-08-09T02:47:07.955056Z,1.568359375,1.8515625,2.37353515625,116757.7421875,126455.4765625,891.046875,NVIDIA RTX PRO 6000 Blackwell Workstation Edition,GPU-8cfe9244-1717-6a32-51e7-29fa37aa16b7,595.84,100.0,86.0,89444.0,97887.0,480.32,80.0,2827.0,
2026-08-09T02:47:08.979413Z,1.568359375,1.8515625,2.37353515625,116782.9765625,126455.4765625,891.046875,NVIDIA RTX PRO 6000 Blackwell Workstation Edition,GPU-8cfe9244-1717-6a32-51e7-29fa37aa16b7,595.84,100.0,86.0,89444.0,97887.0,461.7,80.0,2827.0,
2026-08-09T02:47:10.004802Z,1.568359375,1.8515625,2.37353515625,116784.59375,126455.4765625,891.046875,NVIDIA RTX PRO 6000 Blackwell Workstation Edition,GPU-8cfe9244-1717-6a32-51e7-29fa37aa16b7,595.84,100.0,83.0,89444.0,97887.0,525.85,83.0,2790.0,
2026-08-09T02:47:11.028874Z,1.568359375,1.8515625,2.37353515625,116737.08984375,126455.4765625,891.046875,NVIDIA RTX PRO 6000 Blackwell Workstation Edition,GPU-8cfe9244-1717-6a32-51e7-29fa37aa16b7,595.84,100.0,85.0,89444.0,97887.0,497.56,81.0,2820.0,
2026-08-09T02:47:12.052022Z,1.568359375,1.8515625,2.37353515625,116728.3984375,126455.4765625,891.046875,NVIDIA RTX PRO 6000 Blackwell Workstation Edition,GPU-8cfe9244-1717-6a32-51e7-29fa37aa16b7,595.84,100.0,82.0,89444.0,97887.0,498.19,82.0,2797.0,
2026-08-09T02:47:13.069564Z,1.5224609375,1.83740234375,2.36572265625,116726.6171875,126455.4765625,891.046875,NVIDIA RTX PRO 6000 Blackwell Workstation Edition,GPU-8cfe9244-1717-6a32-51e7-29fa37aa16b7,595.84,100.0,86.0,89444.0,97887.0,492.42,80.0,2827.0,
2026-08-09T02:47:14.094419Z,1.5224609375,1.83740234375,2.36572265625,116711.375,126455.4765625,891.0546875,NVIDIA RTX PRO 6000 Blackwell Workstation Edition,GPU-8cfe9244-1717-6a32-51e7-29fa37aa16b7,595.84,100.0,82.0,89444.0,97887.0,485.91,85.0,2767.0,
2026-08-09T02:47:15.121906Z,1.5224609375,1.83740234375,2.36572265625,116702.13671875,126455.4765625,891.0546875,NVIDIA RTX PRO 6000 Blackwell Workstation Edition,GPU-8cfe9244-1717-6a32-51e7-29fa37aa16b7,595.84,100.0,87.0,89444.0,97887.0,506.59,81.0,2827.0,
2026-08-09T02:47:16.144421Z,1.5224609375,1.83740234375,2.36572265625,116705.984375,126455.4765625,891.0546875,NVIDIA RTX PRO 6000 Blackwell Workstation Edition,GPU-8cfe9244-1717-6a32-51e7-29fa37aa16b7,595.84,100.0,85.0,89444.0,97887.0,455.96,80.0,2827.0,
2026-08-09T02:47:17.163010Z,1.5224609375,1.83740234375,2.36572265625,116714.98046875,126455.4765625,891.0546875,NVIDIA RTX PRO 6000 Blackwell Workstation Edition,GPU-8cfe9244-1717-6a32-51e7-29fa37aa16b7,595.84,100.0,86.0,89444.0,97887.0,484.27,80.0,2827.0,
2026-08-09T02:47:18.186205Z,1.48046875,1.8232421875,2.35791015625,116720.00390625,126455.4765625,891.0546875,NVIDIA RTX PRO 6000 Blackwell Workstation Edition,GPU-8cfe9244-1717-6a32-51e7-29fa37aa16b7,595.84,100.0,86.0,89444.0,97887.0,499.78,80.0,2827.0,
2026-08-09T02:47:19.209786Z,1.48046875,1.8232421875,2.35791015625,116729.67578125,126455.4765625,891.0546875,NVIDIA RTX PRO 6000 Blackwell Workstation Edition,GPU-8cfe9244-1717-6a32-51e7-29fa37aa16b7,595.84,100.0,86.0,89444.0,97887.0,479.25,81.0,2805.0,
2026-08-09T02:47:20.234517Z,1.48046875,1.8232421875,2.35791015625,116729.4921875,126455.4765625,891.0546875,NVIDIA RTX PRO 6000 Blackwell Workstation Edition,GPU-8cfe9244-1717-6a32-51e7-29fa37aa16b7,595.84,100.0,78.0,89444.0,97887.0,504.55,84.0,2767.0,
2026-08-09T02:47:21.260833Z,1.48046875,1.8232421875,2.35791015625,116700.265625,126455.4765625,891.0546875,NVIDIA RTX PRO 6000 Blackwell Workstation Edition,GPU-8cfe9244-1717-6a32-51e7-29fa37aa16b7,595.84,100.0,85.0,89444.0,97887.0,493.92,81.0,2820.0,
2026-08-09T02:47:22.287030Z,1.44189453125,1.8095703125,2.3505859375,116688.21875,126455.4765625,891.0546875,NVIDIA RTX PRO 6000 Blackwell Workstation Edition,GPU-8cfe9244-1717-6a32-51e7-29fa37aa16b7,595.84,100.0,87.0,89444.0,97887.0,475.37,80.0,2827.0,
2026-08-09T02:47:23.314170Z,1.44189453125,1.8095703125,2.3505859375,116703.0078125,126455.4765625,891.0546875,NVIDIA RTX PRO 6000 Blackwell Workstation Edition,GPU-8cfe9244-1717-6a32-51e7-29fa37aa16b7,595.84,100.0,86.0,89444.0,97887.0,472.98,80.0,2820.0,
2026-08-09T02:47:24.341965Z,1.44189453125,1.8095703125,2.3505859375,116706.359375,126455.4765625,891.0546875,NVIDIA RTX PRO 6000 Blackwell Workstation Edition,GPU-8cfe9244-1717-6a32-51e7-29fa37aa16b7,595.84,100.0,87.0,89444.0,97887.0,491.2,81.0,2827.0,
2026-08-09T02:47:25.366396Z,1.44189453125,1.8095703125,2.3505859375,116715.85546875,126455.4765625,891.0546875,NVIDIA RTX PRO 6000 Blackwell Workstation Edition,GPU-8cfe9244-1717-6a32-51e7-29fa37aa16b7,595.84,100.0,86.0,89444.0,97887.0,474.51,80.0,2827.0,
2026-08-09T02:47:26.393660Z,1.44189453125,1.8095703125,2.3505859375,116686.23046875,126455.4765625,891.0546875,NVIDIA RTX PRO 6000 Blackwell Workstation Edition,GPU-8cfe9244-1717-6a32-51e7-29fa37aa16b7,595.84,100.0,87.0,89444.0,97887.0,491.22,81.0,2827.0,
2026-08-09T02:47:27.419614Z,1.40625,1.7958984375,2.34326171875,116725.359375,126455.4765625,891.0546875,NVIDIA RTX PRO 6000 Blackwell Workstation Edition,GPU-8cfe9244-1717-6a32-51e7-29fa37aa16b7,595.84,100.0,85.0,89444.0,97887.0,468.55,81.0,2827.0,
2026-08-09T02:47:28.445128Z,1.40625,1.7958984375,2.34326171875,116710.875,126455.4765625,891.0546875,NVIDIA RTX PRO 6000 Blackwell Workstation Edition,GPU-8cfe9244-1717-6a32-51e7-29fa37aa16b7,595.84,100.0,84.0,89444.0,97887.0,457.56,80.0,2827.0,
2026-08-09T02:47:29.468791Z,1.40625,1.7958984375,2.34326171875,116708.40234375,126455.4765625,891.0546875,NVIDIA RTX PRO 6000 Blackwell Workstation Edition,GPU-8cfe9244-1717-6a32-51e7-29fa37aa16b7,595.84,100.0,87.0,89444.0,97887.0,481.35,80.0,2827.0,
2026-08-09T02:47:30.491451Z,1.40625,1.7958984375,2.34326171875,116705.44921875,126455.4765625,891.0546875,NVIDIA RTX PRO 6000 Blackwell Workstation Edition,GPU-8cfe9244-1717-6a32-51e7-29fa37aa16b7,595.84,100.0,85.0,89444.0,97887.0,469.77,80.0,2805.0,
2026-08-09T02:47:31.514805Z,1.40625,1.7958984375,2.34326171875,116675.80078125,126455.4765625,891.0546875,NVIDIA RTX PRO 6000 Blackwell Workstation Edition,GPU-8cfe9244-1717-6a32-51e7-29fa37aa16b7,595.84,100.0,88.0,89444.0,97887.0,495.17,80.0,2827.0,
2026-08-09T02:47:32.541214Z,2.2548828125,1.96533203125,2.3955078125,116660.23046875,126455.4765625,891.0546875,NVIDIA RTX PRO 6000 Blackwell Workstation Edition,GPU-8cfe9244-1717-6a32-51e7-29fa37aa16b7,595.84,100.0,86.0,89444.0,97887.0,501.2,81.0,2767.0,
2026-08-09T02:47:33.565275Z,2.2548828125,1.96533203125,2.3955078125,116649.4765625,126455.4765625,891.0546875,NVIDIA RTX PRO 6000 Blackwell Workstation Edition,GPU-8cfe9244-1717-6a32-51e7-29fa37aa16b7,595.84,100.0,81.0,89444.0,97887.0,468.15,81.0,2797.0,
2026-08-09T02:47:34.587837Z,2.2548828125,1.96533203125,2.3955078125,116655.94140625,126455.4765625,891.0546875,NVIDIA RTX PRO 6000 Blackwell Workstation Edition,GPU-8cfe9244-1717-6a32-51e7-29fa37aa16b7,595.84,100.0,82.0,89444.0,97887.0,491.76,84.0,2782.0,
2026-08-09T02:47:35.613333Z,2.2548828125,1.96533203125,2.3955078125,116628.64453125,126455.4765625,891.06640625,NVIDIA RTX PRO 6000 Blackwell Workstation Edition,GPU-8cfe9244-1717-6a32-51e7-29fa37aa16b7,595.84,100.0,81.0,89444.0,97887.0,499.43,84.0,2797.0,
2026-08-09T02:47:36.639808Z,2.2548828125,1.96533203125,2.3955078125,116672.265625,126455.4765625,891.06640625,NVIDIA RTX PRO 6000 Blackwell Workstation Edition,GPU-8cfe9244-1717-6a32-51e7-29fa37aa16b7,595.84,100.0,87.0,89444.0,97887.0,516.43,81.0,2827.0,
2026-08-09T02:47:37.663945Z,2.154296875,1.94921875,2.3876953125,116712.57421875,126455.4765625,891.06640625,NVIDIA RTX PRO 6000 Blackwell Workstation Edition,GPU-8cfe9244-1717-6a32-51e7-29fa37aa16b7,595.84,100.0,86.0,89444.0,97887.0,460.64,80.0,2827.0,
2026-08-09T02:47:38.687780Z,2.154296875,1.94921875,2.3876953125,116717.7109375,126455.4765625,891.06640625,NVIDIA RTX PRO 6000 Blackwell Workstation Edition,GPU-8cfe9244-1717-6a32-51e7-29fa37aa16b7,595.84,100.0,81.0,89444.0,97887.0,519.31,82.0,2797.0,
2026-08-09T02:47:39.712602Z,2.154296875,1.94921875,2.3876953125,116718.16015625,126455.4765625,891.07421875,NVIDIA RTX PRO 6000 Blackwell Workstation Edition,GPU-8cfe9244-1717-6a32-51e7-29fa37aa16b7,595.84,100.0,88.0,89444.0,97887.0,481.68,81.0,2820.0,
2026-08-09T02:47:40.736520Z,2.154296875,1.94921875,2.3876953125,116731.7578125,126455.4765625,891.07421875,NVIDIA RTX PRO 6000 Blackwell Workstation Edition,GPU-8cfe9244-1717-6a32-51e7-29fa37aa16b7,595.84,100.0,75.0,89444.0,97887.0,485.37,85.0,2745.0,
2026-08-09T02:47:41.763298Z,2.154296875,1.94921875,2.3876953125,116734.26171875,126455.4765625,891.07421875,NVIDIA RTX PRO 6000 Blackwell Workstation Edition,GPU-8cfe9244-1717-6a32-51e7-29fa37aa16b7,595.84,100.0,87.0,89444.0,97887.0,493.1,81.0,2820.0,
2026-08-09T02:47:42.786647Z,2.0615234375,1.93310546875,2.3798828125,116731.56640625,126455.4765625,891.08203125,NVIDIA RTX PRO 6000 Blackwell Workstation Edition,GPU-8cfe9244-1717-6a32-51e7-29fa37aa16b7,595.84,100.0,85.0,89444.0,97887.0,480.23,81.0,2797.0,
2026-08-09T02:47:43.810367Z,2.0615234375,1.93310546875,2.3798828125,116741.7265625,126455.4765625,891.08203125,NVIDIA RTX PRO 6000 Blackwell Workstation Edition,GPU-8cfe9244-1717-6a32-51e7-29fa37aa16b7,595.84,100.0,86.0,89444.0,97887.0,466.97,80.0,2827.0,
2026-08-09T02:47:44.840126Z,2.0615234375,1.93310546875,2.3798828125,116718.58203125,126455.4765625,891.08203125,NVIDIA RTX PRO 6000 Blackwell Workstation Edition,GPU-8cfe9244-1717-6a32-51e7-29fa37aa16b7,595.84,100.0,88.0,89444.0,97887.0,504.24,81.0,2827.0,
2026-08-09T02:47:45.864711Z,2.0615234375,1.93310546875,2.3798828125,116739.68359375,126455.4765625,891.08203125,NVIDIA RTX PRO 6000 Blackwell Workstation Edition,GPU-8cfe9244-1717-6a32-51e7-29fa37aa16b7,595.84,100.0,86.0,89444.0,97887.0,472.28,80.0,2827.0,
2026-08-09T02:47:46.882464Z,2.0615234375,1.93310546875,2.3798828125,116741.71875,126455.4765625,891.08203125,NVIDIA RTX PRO 6000 Blackwell Workstation Edition,GPU-8cfe9244-1717-6a32-51e7-29fa37aa16b7,595.84,100.0,58.0,89444.0,97887.0,521.81,87.0,2647.0,
2026-08-09T02:47:47.908535Z,1.97607421875,1.91748046875,2.3720703125,116689.6328125,126455.4765625,891.08203125,NVIDIA RTX PRO 6000 Blackwell Workstation Edition,GPU-8cfe9244-1717-6a32-51e7-29fa37aa16b7,595.84,100.0,86.0,89444.0,97887.0,462.11,80.0,2827.0,
2026-08-09T02:47:48.928181Z,1.97607421875,1.91748046875,2.3720703125,116744.0078125,126455.4765625,891.08203125,NVIDIA RTX PRO 6000 Blackwell Workstation Edition,GPU-8cfe9244-1717-6a32-51e7-29fa37aa16b7,595.84,100.0,87.0,89444.0,97887.0,506.59,81.0,2797.0,
2026-08-09T02:47:49.952208Z,1.97607421875,1.91748046875,2.3720703125,116749.53125,126455.4765625,891.08203125,NVIDIA RTX PRO 6000 Blackwell Workstation Edition,GPU-8cfe9244-1717-6a32-51e7-29fa37aa16b7,595.84,100.0,86.0,89444.0,97887.0,467.75,80.0,2827.0,
2026-08-09T02:47:50.974474Z,1.97607421875,1.91748046875,2.3720703125,116722.83984375,126455.4765625,891.08203125,NVIDIA RTX PRO 6000 Blackwell Workstation Edition,GPU-8cfe9244-1717-6a32-51e7-29fa37aa16b7,595.84,100.0,82.0,89444.0,97887.0,511.84,83.0,2790.0,
2026-08-09T02:47:51.990966Z,1.97607421875,1.91748046875,2.3720703125,116703.15625,126455.4765625,891.08203125,NVIDIA RTX PRO 6000 Blackwell Workstation Edition,GPU-8cfe9244-1717-6a32-51e7-29fa37aa16b7,595.84,100.0,82.0,89444.0,97887.0,499.3,83.0,2797.0,
2026-08-09T02:47:53.014546Z,1.8974609375,1.90185546875,2.3642578125,116673.58203125,126455.4765625,891.08203125,NVIDIA RTX PRO 6000 Blackwell Workstation Edition,GPU-8cfe9244-1717-6a32-51e7-29fa37aa16b7,595.84,100.0,86.0,89444.0,97887.0,492.55,81.0,2737.0,
2026-08-09T02:47:54.031529Z,1.8974609375,1.90185546875,2.3642578125,116702.71875,126455.4765625,891.08203125,NVIDIA RTX PRO 6000 Blackwell Workstation Edition,GPU-8cfe9244-1717-6a32-51e7-29fa37aa16b7,595.84,100.0,87.0,89444.0,97887.0,519.57,81.0,2827.0,
2026-08-09T02:47:55.055454Z,1.8974609375,1.90185546875,2.3642578125,116696.48828125,126455.4765625,891.08984375,NVIDIA RTX PRO 6000 Blackwell Workstation Edition,GPU-8cfe9244-1717-6a32-51e7-29fa37aa16b7,595.84,100.0,86.0,89444.0,97887.0,473.75,80.0,2827.0,
2026-08-09T02:47:56.080039Z,1.8974609375,1.90185546875,2.3642578125,116671.828125,126455.4765625,891.08984375,NVIDIA RTX PRO 6000 Blackwell Workstation Edition,GPU-8cfe9244-1717-6a32-51e7-29fa37aa16b7,595.84,100.0,58.0,89444.0,97887.0,519.59,87.0,2437.0,
2026-08-09T02:47:57.106428Z,1.8974609375,1.90185546875,2.3642578125,116706.43359375,126455.4765625,891.08984375,NVIDIA RTX PRO 6000 Blackwell Workstation Edition,GPU-8cfe9244-1717-6a32-51e7-29fa37aa16b7,595.84,100.0,65.0,89444.0,97887.0,507.91,85.0,2640.0,
2026-08-09T02:47:58.132204Z,1.8251953125,1.88671875,2.3564453125,116701.3828125,126455.4765625,891.08984375,NVIDIA RTX PRO 6000 Blackwell Workstation Edition,GPU-8cfe9244-1717-6a32-51e7-29fa37aa16b7,595.84,100.0,87.0,89444.0,97887.0,501.33,81.0,2767.0,
2026-08-09T02:47:59.160178Z,1.8251953125,1.88671875,2.3564453125,116713.2421875,126455.4765625,891.08984375,NVIDIA RTX PRO 6000 Blackwell Workstation Edition,GPU-8cfe9244-1717-6a32-51e7-29fa37aa16b7,595.84,100.0,86.0,89444.0,97887.0,483.36,81.0,2805.0,
2026-08-09T02:48:00.178814Z,1.8251953125,1.88671875,2.3564453125,116696.53125,126455.4765625,891.08984375,NVIDIA RTX PRO 6000 Blackwell Workstation Edition,GPU-8cfe9244-1717-6a32-51e7-29fa37aa16b7,595.84,100.0,86.0,89444.0,97887.0,487.04,81.0,2827.0,
2026-08-09T02:48:01.204784Z,1.8251953125,1.88671875,2.3564453125,116651.80078125,126455.4765625,891.08984375,NVIDIA RTX PRO 6000 Blackwell Workstation Edition,GPU-8cfe9244-1717-6a32-51e7-29fa37aa16b7,595.84,100.0,86.0,89444.0,97887.0,489.45,81.0,2820.0,
2026-08-09T02:48:02.229810Z,1.7587890625,1.87158203125,2.34912109375,116648.578125,126455.4765625,891.08984375,NVIDIA RTX PRO 6000 Blackwell Workstation Edition,GPU-8cfe9244-1717-6a32-51e7-29fa37aa16b7,595.84,100.0,87.0,89444.0,97887.0,489.33,81.0,2820.0,
2026-08-09T02:48:03.254449Z,1.7587890625,1.87158203125,2.34912109375,116657.8515625,126455.4765625,891.08984375,NVIDIA RTX PRO 6000 Blackwell Workstation Edition,GPU-8cfe9244-1717-6a32-51e7-29fa37aa16b7,595.84,100.0,83.0,89444.0,97887.0,480.21,82.0,2797.0,
2026-08-09T02:48:04.277999Z,1.7587890625,1.87158203125,2.34912109375,116687.93359375,126455.4765625,891.08984375,NVIDIA RTX PRO 6000 Blackwell Workstation Edition,GPU-8cfe9244-1717-6a32-51e7-29fa37aa16b7,595.84,100.0,83.0,89444.0,97887.0,495.61,82.0,2767.0,
2026-08-09T02:48:05.302482Z,1.7587890625,1.87158203125,2.34912109375,116689.62109375,126455.4765625,891.08984375,NVIDIA RTX PRO 6000 Blackwell Workstation Edition,GPU-8cfe9244-1717-6a32-51e7-29fa37aa16b7,595.84,100.0,85.0,89444.0,97887.0,459.04,80.0,2820.0,
2026-08-09T02:48:06.326469Z,1.7587890625,1.87158203125,2.34912109375,116674.89453125,126455.4765625,891.08984375,NVIDIA RTX PRO 6000 Blackwell Workstation Edition,GPU-8cfe9244-1717-6a32-51e7-29fa37aa16b7,595.84,100.0,85.0,89444.0,97887.0,500.18,82.0,2655.0,
2026-08-09T02:48:07.350906Z,1.69775390625,1.85693359375,2.341796875,116683.41015625,126455.4765625,891.08984375,NVIDIA RTX PRO 6000 Blackwell Workstation Edition,GPU-8cfe9244-1717-6a32-51e7-29fa37aa16b7,595.84,100.0,86.0,89444.0,97887.0,496.29,81.0,2827.0,
2026-08-09T02:48:08.375517Z,1.69775390625,1.85693359375,2.341796875,116681.9296875,126455.4765625,891.08984375,NVIDIA RTX PRO 6000 Blackwell Workstation Edition,GPU-8cfe9244-1717-6a32-51e7-29fa37aa16b7,595.84,100.0,85.0,89444.0,97887.0,456.2,81.0,2827.0,
2026-08-09T02:48:09.398539Z,1.69775390625,1.85693359375,2.341796875,116672.1484375,126455.4765625,891.08984375,NVIDIA RTX PRO 6000 Blackwell Workstation Edition,GPU-8cfe9244-1717-6a32-51e7-29fa37aa16b7,595.84,100.0,88.0,89444.0,97887.0,488.14,81.0,2827.0,
2026-08-09T02:48:10.424114Z,1.69775390625,1.85693359375,2.341796875,116686.56640625,126455.4765625,891.08984375,NVIDIA RTX PRO 6000 Blackwell Workstation Edition,GPU-8cfe9244-1717-6a32-51e7-29fa37aa16b7,595.84,100.0,58.0,89444.0,97887.0,498.01,87.0,2655.0,
2026-08-09T02:48:11.448656Z,1.69775390625,1.85693359375,2.341796875,116702.75390625,126455.4765625,891.09765625,NVIDIA RTX PRO 6000 Blackwell Workstation Edition,GPU-8cfe9244-1717-6a32-51e7-29fa37aa16b7,595.84,100.0,88.0,89444.0,97887.0,485.26,81.0,2827.0,
2026-08-09T02:48:12.472482Z,1.6416015625,1.84228515625,2.33447265625,116729.10546875,126455.4765625,891.09765625,NVIDIA RTX PRO 6000 Blackwell Workstation Edition,GPU-8cfe9244-1717-6a32-51e7-29fa37aa16b7,595.84,100.0,87.0,89444.0,97887.0,499.44,81.0,2805.0,
2026-08-09T02:48:13.495804Z,1.6416015625,1.84228515625,2.33447265625,116711.1328125,126455.4765625,891.09765625,NVIDIA RTX PRO 6000 Blackwell Workstation Edition,GPU-8cfe9244-1717-6a32-51e7-29fa37aa16b7,595.84,100.0,81.0,89444.0,97887.0,520.75,84.0,2767.0,
2026-08-09T02:48:14.518843Z,1.6416015625,1.84228515625,2.33447265625,116736.73828125,126455.4765625,891.09765625,NVIDIA RTX PRO 6000 Blackwell Workstation Edition,GPU-8cfe9244-1717-6a32-51e7-29fa37aa16b7,595.84,100.0,88.0,89444.0,97887.0,468.52,81.0,2820.0,
2026-08-09T02:48:15.543702Z,1.6416015625,1.84228515625,2.33447265625,116733.3828125,126455.4765625,891.09765625,NVIDIA RTX PRO 6000 Blackwell Workstation Edition,GPU-8cfe9244-1717-6a32-51e7-29fa37aa16b7,595.84,100.0,86.0,89444.0,97887.0,464.34,81.0,2827.0,
2026-08-09T02:48:16.567671Z,1.6416015625,1.84228515625,2.33447265625,116693.296875,126455.4765625,891.09765625,NVIDIA RTX PRO 6000 Blackwell Workstation Edition,GPU-8cfe9244-1717-6a32-51e7-29fa37aa16b7,595.84,100.0,87.0,89444.0,97887.0,483.26,82.0,2820.0,
2026-08-09T02:48:17.591192Z,1.58984375,1.828125,2.3271484375,116680.765625,126455.4765625,891.09765625,NVIDIA RTX PRO 6000 Blackwell Workstation Edition,GPU-8cfe9244-1717-6a32-51e7-29fa37aa16b7,595.84,100.0,82.0,89444.0,97887.0,501.77,81.0,2797.0,
2026-08-09T02:48:18.608642Z,1.58984375,1.828125,2.3271484375,116683.64453125,126455.4765625,891.09765625,NVIDIA RTX PRO 6000 Blackwell Workstation Edition,GPU-8cfe9244-1717-6a32-51e7-29fa37aa16b7,595.84,100.0,86.0,89444.0,97887.0,479.77,81.0,2827.0,
2026-08-09T02:48:19.632883Z,1.58984375,1.828125,2.3271484375,116698.1640625,126455.4765625,891.09765625,NVIDIA RTX PRO 6000 Blackwell Workstation Edition,GPU-8cfe9244-1717-6a32-51e7-29fa37aa16b7,595.84,100.0,87.0,89444.0,97887.0,525.41,81.0,2775.0,
2026-08-09T02:48:20.652683Z,1.58984375,1.828125,2.3271484375,116693.796875,126455.4765625,891.09765625,NVIDIA RTX PRO 6000 Blackwell Workstation Edition,GPU-8cfe9244-1717-6a32-51e7-29fa37aa16b7,595.84,100.0,86.0,89444.0,97887.0,472.21,81.0,2820.0,
2026-08-09T02:48:21.675951Z,1.58984375,1.828125,2.3271484375,116699.55859375,126455.4765625,891.09765625,NVIDIA RTX PRO 6000 Blackwell Workstation Edition,GPU-8cfe9244-1717-6a32-51e7-29fa37aa16b7,595.84,100.0,88.0,89444.0,97887.0,468.81,81.0,2820.0,
2026-08-09T02:48:22.699900Z,1.54248046875,1.81396484375,2.31982421875,116706.09765625,126455.4765625,891.09765625,NVIDIA RTX PRO 6000 Blackwell Workstation Edition,GPU-8cfe9244-1717-6a32-51e7-29fa37aa16b7,595.84,100.0,86.0,89444.0,97887.0,496.11,83.0,2775.0,
2026-08-09T02:48:23.724591Z,1.54248046875,1.81396484375,2.31982421875,116718.421875,126455.4765625,891.09765625,NVIDIA RTX PRO 6000 Blackwell Workstation Edition,GPU-8cfe9244-1717-6a32-51e7-29fa37aa16b7,595.84,100.0,86.0,89444.0,97887.0,493.18,81.0,2670.0,
2026-08-09T02:48:24.747342Z,1.54248046875,1.81396484375,2.31982421875,116736.37109375,126455.4765625,891.09765625,NVIDIA RTX PRO 6000 Blackwell Workstation Edition,GPU-8cfe9244-1717-6a32-51e7-29fa37aa16b7,595.84,100.0,87.0,89444.0,97887.0,488.01,84.0,2797.0,
2026-08-09T02:48:25.770883Z,1.54248046875,1.81396484375,2.31982421875,116710.25,126455.4765625,891.09765625,NVIDIA RTX PRO 6000 Blackwell Workstation Edition,GPU-8cfe9244-1717-6a32-51e7-29fa37aa16b7,595.84,100.0,87.0,89444.0,97887.0,484.8,80.0,2827.0,
2026-08-09T02:48:26.788767Z,1.54248046875,1.81396484375,2.31982421875,116712.109375,126455.4765625,891.09765625,NVIDIA RTX PRO 6000 Blackwell Workstation Edition,GPU-8cfe9244-1717-6a32-51e7-29fa37aa16b7,595.84,100.0,88.0,89444.0,97887.0,490.59,81.0,2827.0,
2026-08-09T02:48:27.815610Z,1.4990234375,1.80029296875,2.3125,116701.3359375,126455.4765625,891.09765625,NVIDIA RTX PRO 6000 Blackwell Workstation Edition,GPU-8cfe9244-1717-6a32-51e7-29fa37aa16b7,595.84,100.0,86.0,89444.0,97887.0,503.01,81.0,2820.0,
2026-08-09T02:48:28.844574Z,1.4990234375,1.80029296875,2.3125,116701.0859375,126455.4765625,891.09765625,NVIDIA RTX PRO 6000 Blackwell Workstation Edition,GPU-8cfe9244-1717-6a32-51e7-29fa37aa16b7,595.84,100.0,86.0,89444.0,97887.0,511.52,82.0,2782.0,
2026-08-09T02:48:29.867092Z,1.4990234375,1.80029296875,2.3125,116714.88671875,126455.4765625,891.10546875,NVIDIA RTX PRO 6000 Blackwell Workstation Edition,GPU-8cfe9244-1717-6a32-51e7-29fa37aa16b7,595.84,100.0,88.0,89444.0,97887.0,484.03,81.0,2820.0,
2026-08-09T02:48:30.889807Z,1.4990234375,1.80029296875,2.3125,116699.88671875,126455.4765625,891.10546875,NVIDIA RTX PRO 6000 Blackwell Workstation Edition,GPU-8cfe9244-1717-6a32-51e7-29fa37aa16b7,595.84,100.0,83.0,89444.0,97887.0,478.77,85.0,2790.0,
2026-08-09T02:48:31.918511Z,1.4990234375,1.80029296875,2.3125,116704.6640625,126455.4765625,891.10546875,NVIDIA RTX PRO 6000 Blackwell Workstation Edition,GPU-8cfe9244-1717-6a32-51e7-29fa37aa16b7,595.84,100.0,87.0,89444.0,97887.0,483.26,81.0,2820.0,
2026-08-09T02:48:32.942730Z,1.458984375,1.78662109375,2.30517578125,116704.21875,126455.4765625,891.10546875,NVIDIA RTX PRO 6000 Blackwell Workstation Edition,GPU-8cfe9244-1717-6a32-51e7-29fa37aa16b7,595.84,100.0,86.0,89444.0,97887.0,489.36,83.0,2820.0,
2026-08-09T02:48:33.970234Z,1.458984375,1.78662109375,2.30517578125,116700.359375,126455.4765625,891.10546875,NVIDIA RTX PRO 6000 Blackwell Workstation Edition,GPU-8cfe9244-1717-6a32-51e7-29fa37aa16b7,595.84,100.0,88.0,89444.0,97887.0,471.96,81.0,2820.0,
2026-08-09T02:48:34.995296Z,1.458984375,1.78662109375,2.30517578125,116650.56640625,126455.4765625,891.10546875,NVIDIA RTX PRO 6000 Blackwell Workstation Edition,GPU-8cfe9244-1717-6a32-51e7-29fa37aa16b7,595.84,100.0,85.0,89444.0,97887.0,494.72,85.0,2782.0,
2026-08-09T02:48:36.018630Z,1.458984375,1.78662109375,2.30517578125,116668.5703125,126455.4765625,891.10546875,NVIDIA RTX PRO 6000 Blackwell Workstation Edition,GPU-8cfe9244-1717-6a32-51e7-29fa37aa16b7,595.84,100.0,87.0,89444.0,97887.0,509.43,81.0,2827.0,
2026-08-09T02:48:37.041872Z,1.458984375,1.78662109375,2.30517578125,116647.6484375,126455.4765625,891.10546875,NVIDIA RTX PRO 6000 Blackwell Workstation Edition,GPU-8cfe9244-1717-6a32-51e7-29fa37aa16b7,595.84,100.0,63.0,89444.0,97887.0,494.34,85.0,2752.0,
2026-08-09T02:48:38.068587Z,1.50244140625,1.79052734375,2.30322265625,116664.75390625,126455.4765625,891.10546875,NVIDIA RTX PRO 6000 Blackwell Workstation Edition,GPU-8cfe9244-1717-6a32-51e7-29fa37aa16b7,595.84,100.0,87.0,89444.0,97887.0,498.91,81.0,2827.0,
2026-08-09T02:48:39.093244Z,1.50244140625,1.79052734375,2.30322265625,116673.3046875,126455.4765625,891.10546875,NVIDIA RTX PRO 6000 Blackwell Workstation Edition,GPU-8cfe9244-1717-6a32-51e7-29fa37aa16b7,595.84,100.0,76.0,89444.0,97887.0,511.99,86.0,2782.0,
2026-08-09T02:48:40.116481Z,1.50244140625,1.79052734375,2.30322265625,116677.44140625,126455.4765625,891.10546875,NVIDIA RTX PRO 6000 Blackwell Workstation Edition,GPU-8cfe9244-1717-6a32-51e7-29fa37aa16b7,595.84,100.0,86.0,89444.0,97887.0,521.0,81.0,2790.0,
2026-08-09T02:48:41.140363Z,1.50244140625,1.79052734375,2.30322265625,116667.6953125,126455.4765625,891.10546875,NVIDIA RTX PRO 6000 Blackwell Workstation Edition,GPU-8cfe9244-1717-6a32-51e7-29fa37aa16b7,595.84,100.0,88.0,89444.0,97887.0,463.53,81.0,2820.0,
2026-08-09T02:48:42.164467Z,1.50244140625,1.79052734375,2.30322265625,116654.33984375,126455.4765625,891.10546875,NVIDIA RTX PRO 6000 Blackwell Workstation Edition,GPU-8cfe9244-1717-6a32-51e7-29fa37aa16b7,595.84,100.0,79.0,89444.0,97887.0,482.7,84.0,2827.0,
2026-08-09T02:48:43.189122Z,1.4619140625,1.77734375,2.2958984375,116645.8828125,126455.4765625,891.10546875,NVIDIA RTX PRO 6000 Blackwell Workstation Edition,GPU-8cfe9244-1717-6a32-51e7-29fa37aa16b7,595.84,100.0,86.0,89444.0,97887.0,494.07,81.0,2827.0,
2026-08-09T02:48:44.212062Z,1.4619140625,1.77734375,2.2958984375,116628.69921875,126455.4765625,891.10546875,NVIDIA RTX PRO 6000 Blackwell Workstation Edition,GPU-8cfe9244-1717-6a32-51e7-29fa37aa16b7,595.84,100.0,88.0,89444.0,97887.0,477.06,81.0,2827.0,
2026-08-09T02:48:45.235508Z,1.4619140625,1.77734375,2.2958984375,116649.68359375,126455.4765625,891.10546875,NVIDIA RTX PRO 6000 Blackwell Workstation Edition,GPU-8cfe9244-1717-6a32-51e7-29fa37aa16b7,595.84,100.0,85.0,89444.0,97887.0,469.25,80.0,2797.0,
2026-08-09T02:48:46.259344Z,1.4619140625,1.77734375,2.2958984375,116651.6015625,126455.4765625,891.10546875,NVIDIA RTX PRO 6000 Blackwell Workstation Edition,GPU-8cfe9244-1717-6a32-51e7-29fa37aa16b7,595.84,100.0,86.0,89444.0,97887.0,474.67,81.0,2797.0,
2026-08-09T02:48:47.282066Z,1.4248046875,1.76416015625,2.28857421875,116660.1484375,126455.4765625,891.109375,NVIDIA RTX PRO 6000 Blackwell Workstation Edition,GPU-8cfe9244-1717-6a32-51e7-29fa37aa16b7,595.84,100.0,84.0,89444.0,97887.0,499.02,85.0,2820.0,
2026-08-09T02:48:48.306788Z,1.4248046875,1.76416015625,2.28857421875,116666.62109375,126455.4765625,891.109375,NVIDIA RTX PRO 6000 Blackwell Workstation Edition,GPU-8cfe9244-1717-6a32-51e7-29fa37aa16b7,595.84,100.0,86.0,89444.0,97887.0,458.21,80.0,2827.0,
2026-08-09T02:48:49.326536Z,1.4248046875,1.76416015625,2.28857421875,116669.12890625,126455.4765625,891.12109375,NVIDIA RTX PRO 6000 Blackwell Workstation Edition,GPU-8cfe9244-1717-6a32-51e7-29fa37aa16b7,595.84,100.0,87.0,89444.0,97887.0,504.02,82.0,2647.0,
2026-08-09T02:48:50.344210Z,1.4248046875,1.76416015625,2.28857421875,116666.84765625,126455.4765625,891.12109375,NVIDIA RTX PRO 6000 Blackwell Workstation Edition,GPU-8cfe9244-1717-6a32-51e7-29fa37aa16b7,595.84,100.0,86.0,89444.0,97887.0,514.17,81.0,2827.0,
2026-08-09T02:48:51.368183Z,1.4248046875,1.76416015625,2.28857421875,116662.74609375,126455.4765625,891.12109375,NVIDIA RTX PRO 6000 Blackwell Workstation Edition,GPU-8cfe9244-1717-6a32-51e7-29fa37aa16b7,595.84,100.0,82.0,89444.0,97887.0,497.01,85.0,2827.0,
2026-08-09T02:48:52.393179Z,1.390625,1.75146484375,2.28125,116667.50390625,126455.4765625,891.12109375,NVIDIA RTX PRO 6000 Blackwell Workstation Edition,GPU-8cfe9244-1717-6a32-51e7-29fa37aa16b7,595.84,100.0,88.0,89444.0,97887.0,500.81,81.0,2827.0,
2026-08-09T02:48:53.416933Z,1.390625,1.75146484375,2.28125,116692.59765625,126455.4765625,891.12109375,NVIDIA RTX PRO 6000 Blackwell Workstation Edition,GPU-8cfe9244-1717-6a32-51e7-29fa37aa16b7,595.84,100.0,88.0,89444.0,97887.0,474.53,81.0,2820.0,
2026-08-09T02:48:54.443059Z,1.390625,1.75146484375,2.28125,116708.71875,126455.4765625,891.12109375,NVIDIA RTX PRO 6000 Blackwell Workstation Edition,GPU-8cfe9244-1717-6a32-51e7-29fa37aa16b7,595.84,100.0,88.0,89444.0,97887.0,486.82,81.0,2827.0,
2026-08-09T02:48:55.467986Z,1.390625,1.75146484375,2.28125,116704.3515625,126455.4765625,891.12109375,NVIDIA RTX PRO 6000 Blackwell Workstation Edition,GPU-8cfe9244-1717-6a32-51e7-29fa37aa16b7,595.84,100.0,86.0,89444.0,97887.0,476.21,80.0,2827.0,
2026-08-09T02:48:56.492249Z,1.390625,1.75146484375,2.28125,116697.42578125,126455.4765625,891.12109375,NVIDIA RTX PRO 6000 Blackwell Workstation Edition,GPU-8cfe9244-1717-6a32-51e7-29fa37aa16b7,595.84,100.0,87.0,89444.0,97887.0,512.86,81.0,2797.0,
2026-08-09T02:48:57.516289Z,1.35888671875,1.73876953125,2.27392578125,116705.94140625,126455.4765625,891.12109375,NVIDIA RTX PRO 6000 Blackwell Workstation Edition,GPU-8cfe9244-1717-6a32-51e7-29fa37aa16b7,595.84,100.0,86.0,89444.0,97887.0,460.12,80.0,2820.0,
2026-08-09T02:48:58.541208Z,1.35888671875,1.73876953125,2.27392578125,116708.7265625,126455.4765625,891.12109375,NVIDIA RTX PRO 6000 Blackwell Workstation Edition,GPU-8cfe9244-1717-6a32-51e7-29fa37aa16b7,595.84,100.0,87.0,89444.0,97887.0,475.4,81.0,2797.0,
2026-08-09T02:48:59.568491Z,1.35888671875,1.73876953125,2.27392578125,116705.02734375,126455.4765625,891.12109375,NVIDIA RTX PRO 6000 Blackwell Workstation Edition,GPU-8cfe9244-1717-6a32-51e7-29fa37aa16b7,595.84,100.0,82.0,89444.0,97887.0,478.25,82.0,2820.0,
2026-08-09T02:49:00.586662Z,1.35888671875,1.73876953125,2.27392578125,116693.80078125,126455.4765625,891.125,NVIDIA RTX PRO 6000 Blackwell Workstation Edition,GPU-8cfe9244-1717-6a32-51e7-29fa37aa16b7,595.84,100.0,85.0,89444.0,97887.0,502.74,82.0,2655.0,
2026-08-09T02:49:01.617376Z,1.35888671875,1.73876953125,2.27392578125,116693.44140625,126455.4765625,891.125,NVIDIA RTX PRO 6000 Blackwell Workstation Edition,GPU-8cfe9244-1717-6a32-51e7-29fa37aa16b7,595.84,100.0,82.0,89444.0,97887.0,467.0,83.0,2820.0,
2026-08-09T02:49:02.641893Z,1.330078125,1.72607421875,2.2666015625,116688.62890625,126455.4765625,891.125,NVIDIA RTX PRO 6000 Blackwell Workstation Edition,GPU-8cfe9244-1717-6a32-51e7-29fa37aa16b7,595.84,100.0,85.0,89444.0,97887.0,478.93,80.0,2827.0,
2026-08-09T02:49:03.665777Z,1.330078125,1.72607421875,2.2666015625,116709.78515625,126455.4765625,891.125,NVIDIA RTX PRO 6000 Blackwell Workstation Edition,GPU-8cfe9244-1717-6a32-51e7-29fa37aa16b7,595.84,100.0,87.0,89444.0,97887.0,487.17,80.0,2827.0,
2026-08-09T02:49:04.690430Z,1.330078125,1.72607421875,2.2666015625,116707.44140625,126455.4765625,891.125,NVIDIA RTX PRO 6000 Blackwell Workstation Edition,GPU-8cfe9244-1717-6a32-51e7-29fa37aa16b7,595.84,100.0,87.0,89444.0,97887.0,485.6,80.0,2827.0,
2026-08-09T02:49:05.713804Z,1.330078125,1.72607421875,2.2666015625,116672.57421875,126455.4765625,891.125,NVIDIA RTX PRO 6000 Blackwell Workstation Edition,GPU-8cfe9244-1717-6a32-51e7-29fa37aa16b7,595.84,100.0,85.0,89444.0,97887.0,463.88,80.0,2812.0,
2026-08-09T02:49:06.733614Z,1.330078125,1.72607421875,2.2666015625,116698.16796875,126455.4765625,891.125,NVIDIA RTX PRO 6000 Blackwell Workstation Edition,GPU-8cfe9244-1717-6a32-51e7-29fa37aa16b7,595.84,100.0,88.0,89444.0,97887.0,506.27,81.0,2797.0,
2026-08-09T02:49:07.754218Z,1.30322265625,1.7138671875,2.259765625,116678.2734375,126455.4765625,891.125,NVIDIA RTX PRO 6000 Blackwell Workstation Edition,GPU-8cfe9244-1717-6a32-51e7-29fa37aa16b7,595.84,100.0,86.0,89444.0,97887.0,467.77,80.0,2820.0,
2026-08-09T02:49:08.778698Z,1.30322265625,1.7138671875,2.259765625,116667.83984375,126455.4765625,891.125,NVIDIA RTX PRO 6000 Blackwell Workstation Edition,GPU-8cfe9244-1717-6a32-51e7-29fa37aa16b7,595.84,100.0,86.0,89444.0,97887.0,493.72,81.0,2797.0,
2026-08-09T02:49:09.808294Z,1.30322265625,1.7138671875,2.259765625,116687.71875,126455.4765625,891.125,NVIDIA RTX PRO 6000 Blackwell Workstation Edition,GPU-8cfe9244-1717-6a32-51e7-29fa37aa16b7,595.84,100.0,87.0,89444.0,97887.0,510.37,81.0,2745.0,
2026-08-09T02:49:10.831507Z,1.30322265625,1.7138671875,2.259765625,116654.08984375,126455.4765625,891.125,NVIDIA RTX PRO 6000 Blackwell Workstation Edition,GPU-8cfe9244-1717-6a32-51e7-29fa37aa16b7,595.84,100.0,83.0,89444.0,97887.0,487.25,82.0,2827.0,
2026-08-09T02:49:11.855210Z,1.30322265625,1.7138671875,2.259765625,116676.5546875,126455.4765625,891.125,NVIDIA RTX PRO 6000 Blackwell Workstation Edition,GPU-8cfe9244-1717-6a32-51e7-29fa37aa16b7,595.84,100.0,88.0,89444.0,97887.0,484.83,81.0,2827.0,
2026-08-09T02:49:12.879672Z,1.27880859375,1.70166015625,2.2529296875,116685.23046875,126455.4765625,891.125,NVIDIA RTX PRO 6000 Blackwell Workstation Edition,GPU-8cfe9244-1717-6a32-51e7-29fa37aa16b7,595.84,100.0,86.0,89444.0,97887.0,472.22,80.0,2827.0,
2026-08-09T02:49:13.898291Z,1.27880859375,1.70166015625,2.2529296875,116704.16796875,126455.4765625,891.125,NVIDIA RTX PRO 6000 Blackwell Workstation Edition,GPU-8cfe9244-1717-6a32-51e7-29fa37aa16b7,595.84,100.0,87.0,89444.0,97887.0,484.75,80.0,2827.0,
2026-08-09T02:49:14.922894Z,1.27880859375,1.70166015625,2.2529296875,116705.890625,126455.4765625,891.125,NVIDIA RTX PRO 6000 Blackwell Workstation Edition,GPU-8cfe9244-1717-6a32-51e7-29fa37aa16b7,595.84,100.0,84.0,89444.0,97887.0,507.22,84.0,2775.0,
2026-08-09T02:49:15.950039Z,1.27880859375,1.70166015625,2.2529296875,116685.65625,126455.4765625,891.125,NVIDIA RTX PRO 6000 Blackwell Workstation Edition,GPU-8cfe9244-1717-6a32-51e7-29fa37aa16b7,595.84,100.0,87.0,89444.0,97887.0,489.03,80.0,2827.0,
2026-08-09T02:49:16.972892Z,1.27880859375,1.70166015625,2.2529296875,116627.14453125,126455.4765625,891.125,NVIDIA RTX PRO 6000 Blackwell Workstation Edition,GPU-8cfe9244-1717-6a32-51e7-29fa37aa16b7,595.84,100.0,83.0,89444.0,97887.0,466.21,83.0,2827.0,
2026-08-09T02:49:17.997618Z,1.25634765625,1.68994140625,2.24609375,116688.16796875,126455.4765625,891.125,NVIDIA RTX PRO 6000 Blackwell Workstation Edition,GPU-8cfe9244-1717-6a32-51e7-29fa37aa16b7,595.84,100.0,86.0,89444.0,97887.0,504.03,81.0,2797.0,
2026-08-09T02:49:19.026067Z,1.25634765625,1.68994140625,2.24609375,116676.0703125,126455.4765625,891.125,NVIDIA RTX PRO 6000 Blackwell Workstation Edition,GPU-8cfe9244-1717-6a32-51e7-29fa37aa16b7,595.84,100.0,84.0,89444.0,97887.0,499.1,82.0,2775.0,
2026-08-09T02:49:20.050812Z,1.25634765625,1.68994140625,2.24609375,116690.87109375,126455.4765625,891.125,NVIDIA RTX PRO 6000 Blackwell Workstation Edition,GPU-8cfe9244-1717-6a32-51e7-29fa37aa16b7,595.84,100.0,86.0,89444.0,97887.0,491.38,81.0,2730.0,
2026-08-09T02:49:21.077468Z,1.25634765625,1.68994140625,2.24609375,116668.46484375,126455.4765625,891.125,NVIDIA RTX PRO 6000 Blackwell Workstation Edition,GPU-8cfe9244-1717-6a32-51e7-29fa37aa16b7,595.84,100.0,88.0,89444.0,97887.0,491.21,81.0,2797.0,
2026-08-09T02:49:22.105143Z,1.25634765625,1.68994140625,2.24609375,116661.3046875,126455.4765625,891.125,NVIDIA RTX PRO 6000 Blackwell Workstation Edition,GPU-8cfe9244-1717-6a32-51e7-29fa37aa16b7,595.84,100.0,82.0,89444.0,97887.0,517.87,84.0,2820.0,
2026-08-09T02:49:23.129741Z,3.47802734375,2.1435546875,2.39013671875,116677.828125,126455.4765625,891.125,NVIDIA RTX PRO 6000 Blackwell Workstation Edition,GPU-8cfe9244-1717-6a32-51e7-29fa37aa16b7,595.84,100.0,59.0,89444.0,97887.0,489.85,87.0,2820.0,
2026-08-09T02:49:24.153968Z,3.47802734375,2.1435546875,2.39013671875,116691.19921875,126455.4765625,891.125,NVIDIA RTX PRO 6000 Blackwell Workstation Edition,GPU-8cfe9244-1717-6a32-51e7-29fa37aa16b7,595.84,100.0,88.0,89444.0,97887.0,487.28,81.0,2827.0,
2026-08-09T02:49:25.173720Z,3.47802734375,2.1435546875,2.39013671875,116682.71875,126455.4765625,891.125,NVIDIA RTX PRO 6000 Blackwell Workstation Edition,GPU-8cfe9244-1717-6a32-51e7-29fa37aa16b7,595.84,100.0,87.0,89444.0,97887.0,492.79,81.0,2820.0,
2026-08-09T02:49:26.197793Z,3.47802734375,2.1435546875,2.39013671875,116675.35546875,126455.4765625,891.125,NVIDIA RTX PRO 6000 Blackwell Workstation Edition,GPU-8cfe9244-1717-6a32-51e7-29fa37aa16b7,595.84,100.0,86.0,89444.0,97887.0,478.59,81.0,2790.0,
2026-08-09T02:49:27.221044Z,3.47802734375,2.1435546875,2.39013671875,116700.80078125,126455.4765625,891.125,NVIDIA RTX PRO 6000 Blackwell Workstation Edition,GPU-8cfe9244-1717-6a32-51e7-29fa37aa16b7,595.84,100.0,87.0,89444.0,97887.0,462.25,80.0,2827.0,
2026-08-09T02:49:28.245005Z,3.279296875,2.12451171875,2.38232421875,116718.35546875,126455.4765625,891.125,NVIDIA RTX PRO 6000 Blackwell Workstation Edition,GPU-8cfe9244-1717-6a32-51e7-29fa37aa16b7,595.84,100.0,87.0,89444.0,97887.0,474.36,80.0,2820.0,
2026-08-09T02:49:29.270957Z,3.279296875,2.12451171875,2.38232421875,116701.1015625,126455.4765625,891.125,NVIDIA RTX PRO 6000 Blackwell Workstation Edition,GPU-8cfe9244-1717-6a32-51e7-29fa37aa16b7,595.84,100.0,66.0,89444.0,97887.0,511.15,83.0,2722.0,
2026-08-09T02:49:30.298477Z,3.279296875,2.12451171875,2.38232421875,116699.98046875,126455.4765625,891.125,NVIDIA RTX PRO 6000 Blackwell Workstation Edition,GPU-8cfe9244-1717-6a32-51e7-29fa37aa16b7,595.84,100.0,87.0,89444.0,97887.0,505.02,81.0,2827.0,
2026-08-09T02:49:31.323602Z,3.279296875,2.12451171875,2.38232421875,116670.28515625,126455.4765625,891.125,NVIDIA RTX PRO 6000 Blackwell Workstation Edition,GPU-8cfe9244-1717-6a32-51e7-29fa37aa16b7,595.84,100.0,87.0,89444.0,97887.0,492.67,81.0,2820.0,
2026-08-09T02:49:32.351270Z,3.0966796875,2.10546875,2.37451171875,116703.62890625,126455.4765625,891.125,NVIDIA RTX PRO 6000 Blackwell Workstation Edition,GPU-8cfe9244-1717-6a32-51e7-29fa37aa16b7,595.84,100.0,87.0,89444.0,97887.0,494.36,81.0,2827.0,
2026-08-09T02:49:33.377082Z,3.0966796875,2.10546875,2.37451171875,116694.63671875,126455.4765625,891.125,NVIDIA RTX PRO 6000 Blackwell Workstation Edition,GPU-8cfe9244-1717-6a32-51e7-29fa37aa16b7,595.84,100.0,81.0,89444.0,97887.0,483.93,82.0,2782.0,
2026-08-09T02:49:34.401313Z,3.0966796875,2.10546875,2.37451171875,116677.375,126455.4765625,891.125,NVIDIA RTX PRO 6000 Blackwell Workstation Edition,GPU-8cfe9244-1717-6a32-51e7-29fa37aa16b7,595.84,100.0,88.0,89444.0,97887.0,512.21,81.0,2580.0,
2026-08-09T02:49:35.426118Z,3.0966796875,2.10546875,2.37451171875,116680.3203125,126455.4765625,891.125,NVIDIA RTX PRO 6000 Blackwell Workstation Edition,GPU-8cfe9244-1717-6a32-51e7-29fa37aa16b7,595.84,100.0,87.0,89444.0,97887.0,503.83,81.0,2790.0,
2026-08-09T02:49:36.451873Z,3.0966796875,2.10546875,2.37451171875,116679.04296875,126455.4765625,891.125,NVIDIA RTX PRO 6000 Blackwell Workstation Edition,GPU-8cfe9244-1717-6a32-51e7-29fa37aa16b7,595.84,100.0,89.0,89444.0,97887.0,473.77,81.0,2820.0,
2026-08-09T02:49:37.470717Z,2.9287109375,2.0869140625,2.36669921875,116653.82421875,126455.4765625,891.125,NVIDIA RTX PRO 6000 Blackwell Workstation Edition,GPU-8cfe9244-1717-6a32-51e7-29fa37aa16b7,595.84,100.0,87.0,89444.0,97887.0,496.7,81.0,2827.0,
2026-08-09T02:49:38.495583Z,2.9287109375,2.0869140625,2.36669921875,116700.1015625,126455.4765625,891.125,NVIDIA RTX PRO 6000 Blackwell Workstation Edition,GPU-8cfe9244-1717-6a32-51e7-29fa37aa16b7,595.84,100.0,87.0,89444.0,97887.0,468.19,81.0,2820.0,
2026-08-09T02:49:39.519786Z,2.9287109375,2.0869140625,2.36669921875,116704.91015625,126455.4765625,891.125,NVIDIA RTX PRO 6000 Blackwell Workstation Edition,GPU-8cfe9244-1717-6a32-51e7-29fa37aa16b7,595.84,100.0,62.0,89444.0,97887.0,493.62,87.0,2820.0,
2026-08-09T02:49:40.546725Z,2.9287109375,2.0869140625,2.36669921875,116695.96875,126455.4765625,891.125,NVIDIA RTX PRO 6000 Blackwell Workstation Edition,GPU-8cfe9244-1717-6a32-51e7-29fa37aa16b7,595.84,100.0,87.0,89444.0,97887.0,504.38,82.0,2655.0,
2026-08-09T02:49:41.567252Z,2.9287109375,2.0869140625,2.36669921875,116701.6875,126455.4765625,891.125,NVIDIA RTX PRO 6000 Blackwell Workstation Edition,GPU-8cfe9244-1717-6a32-51e7-29fa37aa16b7,595.84,100.0,86.0,89444.0,97887.0,488.12,81.0,2820.0,
2026-08-09T02:49:42.591020Z,2.77392578125,2.06884765625,2.35888671875,116701.60546875,126455.4765625,891.125,NVIDIA RTX PRO 6000 Blackwell Workstation Edition,GPU-8cfe9244-1717-6a32-51e7-29fa37aa16b7,595.84,100.0,86.0,89444.0,97887.0,516.46,81.0,2790.0,
2026-08-09T02:49:43.619197Z,2.77392578125,2.06884765625,2.35888671875,116722.67578125,126455.4765625,891.125,NVIDIA RTX PRO 6000 Blackwell Workstation Edition,GPU-8cfe9244-1717-6a32-51e7-29fa37aa16b7,595.84,100.0,82.0,89444.0,97887.0,474.1,82.0,2820.0,
2026-08-09T02:49:44.643623Z,2.77392578125,2.06884765625,2.35888671875,116730.94140625,126455.4765625,891.125,NVIDIA RTX PRO 6000 Blackwell Workstation Edition,GPU-8cfe9244-1717-6a32-51e7-29fa37aa16b7,595.84,100.0,79.0,89444.0,97887.0,495.23,85.0,2820.0,
2026-08-09T02:49:45.667807Z,2.77392578125,2.06884765625,2.35888671875,116700.06640625,126455.4765625,891.125,NVIDIA RTX PRO 6000 Blackwell Workstation Edition,GPU-8cfe9244-1717-6a32-51e7-29fa37aa16b7,595.84,100.0,87.0,89444.0,97887.0,492.35,81.0,2827.0,
2026-08-09T02:49:46.692106Z,2.77392578125,2.06884765625,2.35888671875,116697.35546875,126455.4765625,891.125,NVIDIA RTX PRO 6000 Blackwell Workstation Edition,GPU-8cfe9244-1717-6a32-51e7-29fa37aa16b7,595.84,100.0,58.0,89444.0,97887.0,496.72,87.0,2722.0,
2026-08-09T02:49:47.716625Z,2.6318359375,2.05078125,2.3515625,116709.58984375,126455.4765625,891.125,NVIDIA RTX PRO 6000 Blackwell Workstation Edition,GPU-8cfe9244-1717-6a32-51e7-29fa37aa16b7,595.84,100.0,87.0,89444.0,97887.0,464.46,81.0,2827.0,
2026-08-09T02:49:48.741178Z,2.6318359375,2.05078125,2.3515625,116719.73828125,126455.4765625,891.125,NVIDIA RTX PRO 6000 Blackwell Workstation Edition,GPU-8cfe9244-1717-6a32-51e7-29fa37aa16b7,595.84,100.0,82.0,89444.0,97887.0,504.34,84.0,2820.0,
2026-08-09T02:49:49.764923Z,2.6318359375,2.05078125,2.3515625,116710.8671875,126455.4765625,891.125,NVIDIA RTX PRO 6000 Blackwell Workstation Edition,GPU-8cfe9244-1717-6a32-51e7-29fa37aa16b7,595.84,100.0,89.0,89444.0,97887.0,505.7,81.0,2722.0,
2026-08-09T02:49:50.787722Z,2.6318359375,2.05078125,2.3515625,116675.43359375,126455.4765625,891.125,NVIDIA RTX PRO 6000 Blackwell Workstation Edition,GPU-8cfe9244-1717-6a32-51e7-29fa37aa16b7,595.84,100.0,86.0,89444.0,97887.0,464.32,81.0,2827.0,
2026-08-09T02:49:51.810881Z,2.6318359375,2.05078125,2.3515625,116676.109375,126455.4765625,891.125,NVIDIA RTX PRO 6000 Blackwell Workstation Edition,GPU-8cfe9244-1717-6a32-51e7-29fa37aa16b7,595.84,100.0,87.0,89444.0,97887.0,476.8,81.0,2827.0,
2026-08-09T02:49:52.829787Z,2.5009765625,2.033203125,2.34423828125,116670.15625,126455.4765625,891.125,NVIDIA RTX PRO 6000 Blackwell Workstation Edition,GPU-8cfe9244-1717-6a32-51e7-29fa37aa16b7,595.84,100.0,87.0,89444.0,97887.0,493.52,81.0,2790.0,
2026-08-09T02:49:53.854143Z,2.5009765625,2.033203125,2.34423828125,116689.51171875,126455.4765625,891.125,NVIDIA RTX PRO 6000 Blackwell Workstation Edition,GPU-8cfe9244-1717-6a32-51e7-29fa37aa16b7,595.84,100.0,63.0,89444.0,97887.0,504.18,87.0,2790.0,
2026-08-09T02:49:54.878928Z,2.5009765625,2.033203125,2.34423828125,116678.09375,126455.4765625,891.125,NVIDIA RTX PRO 6000 Blackwell Workstation Edition,GPU-8cfe9244-1717-6a32-51e7-29fa37aa16b7,595.84,100.0,88.0,89444.0,97887.0,492.23,81.0,2797.0,
2026-08-09T02:49:55.902696Z,2.5009765625,2.033203125,2.34423828125,116670.76171875,126455.4765625,891.125,NVIDIA RTX PRO 6000 Blackwell Workstation Edition,GPU-8cfe9244-1717-6a32-51e7-29fa37aa16b7,595.84,100.0,86.0,89444.0,97887.0,468.92,81.0,2827.0,
2026-08-09T02:49:56.928606Z,2.5009765625,2.033203125,2.34423828125,116671.4140625,126455.4765625,891.125,NVIDIA RTX PRO 6000 Blackwell Workstation Edition,GPU-8cfe9244-1717-6a32-51e7-29fa37aa16b7,595.84,100.0,87.0,89444.0,97887.0,507.53,81.0,2820.0,
2026-08-09T02:49:57.952497Z,2.38037109375,2.015625,2.3369140625,116657.734375,126455.4765625,891.125,NVIDIA RTX PRO 6000 Blackwell Workstation Edition,GPU-8cfe9244-1717-6a32-51e7-29fa37aa16b7,595.84,100.0,75.0,89444.0,97887.0,484.24,85.0,2812.0,
2026-08-09T02:49:58.973568Z,2.38037109375,2.015625,2.3369140625,116674.08984375,126455.4765625,891.125,NVIDIA RTX PRO 6000 Blackwell Workstation Edition,GPU-8cfe9244-1717-6a32-51e7-29fa37aa16b7,595.84,100.0,86.0,89444.0,97887.0,501.21,81.0,2797.0,
2026-08-09T02:49:59.997601Z,2.38037109375,2.015625,2.3369140625,116670.9140625,126455.4765625,891.125,NVIDIA RTX PRO 6000 Blackwell Workstation Edition,GPU-8cfe9244-1717-6a32-51e7-29fa37aa16b7,595.84,100.0,86.0,89444.0,97887.0,456.21,80.0,2827.0,
2026-08-09T02:50:01.018225Z,2.38037109375,2.015625,2.3369140625,116630.0078125,126455.4765625,891.125,NVIDIA RTX PRO 6000 Blackwell Workstation Edition,GPU-8cfe9244-1717-6a32-51e7-29fa37aa16b7,595.84,100.0,84.0,89444.0,97887.0,501.97,84.0,2827.0,
2026-08-09T02:50:02.045600Z,2.38037109375,2.015625,2.3369140625,116633.22265625,126455.4765625,891.125,NVIDIA RTX PRO 6000 Blackwell Workstation Edition,GPU-8cfe9244-1717-6a32-51e7-29fa37aa16b7,595.84,100.0,87.0,89444.0,97887.0,482.68,80.0,2827.0,
2026-08-09T02:50:03.069301Z,2.349609375,2.01513671875,2.3349609375,116647.3046875,126455.4765625,891.125,NVIDIA RTX PRO 6000 Blackwell Workstation Edition,GPU-8cfe9244-1717-6a32-51e7-29fa37aa16b7,595.84,100.0,86.0,89444.0,97887.0,487.85,81.0,2655.0,
2026-08-09T02:50:04.093439Z,2.349609375,2.01513671875,2.3349609375,116643.02734375,126455.4765625,891.125,NVIDIA RTX PRO 6000 Blackwell Workstation Edition,GPU-8cfe9244-1717-6a32-51e7-29fa37aa16b7,595.84,100.0,83.0,89444.0,97887.0,488.04,82.0,2782.0,
2026-08-09T02:50:05.120043Z,2.349609375,2.01513671875,2.3349609375,116716.9375,126455.4765625,891.125,NVIDIA RTX PRO 6000 Blackwell Workstation Edition,GPU-8cfe9244-1717-6a32-51e7-29fa37aa16b7,595.84,100.0,86.0,89444.0,97887.0,494.14,81.0,2647.0,
2026-08-09T02:50:06.149956Z,2.349609375,2.01513671875,2.3349609375,116681.04296875,126455.4765625,891.125,NVIDIA RTX PRO 6000 Blackwell Workstation Edition,GPU-8cfe9244-1717-6a32-51e7-29fa37aa16b7,595.84,100.0,87.0,89444.0,97887.0,484.18,81.0,2767.0,
2026-08-09T02:50:07.172443Z,2.349609375,2.01513671875,2.3349609375,116701.08203125,126455.4765625,891.125,NVIDIA RTX PRO 6000 Blackwell Workstation Edition,GPU-8cfe9244-1717-6a32-51e7-29fa37aa16b7,595.84,100.0,88.0,89444.0,97887.0,466.05,81.0,2820.0,
2026-08-09T02:50:08.194106Z,2.2412109375,1.998046875,2.32763671875,116697.1953125,126455.4765625,891.125,NVIDIA RTX PRO 6000 Blackwell Workstation Edition,GPU-8cfe9244-1717-6a32-51e7-29fa37aa16b7,595.84,100.0,82.0,89444.0,97887.0,491.14,84.0,2805.0,
2026-08-09T02:50:09.217671Z,2.2412109375,1.998046875,2.32763671875,116695.40625,126455.4765625,891.125,NVIDIA RTX PRO 6000 Blackwell Workstation Edition,GPU-8cfe9244-1717-6a32-51e7-29fa37aa16b7,595.84,100.0,87.0,89444.0,97887.0,475.67,80.0,2827.0,
2026-08-09T02:50:10.237074Z,2.2412109375,1.998046875,2.32763671875,116720.515625,126455.4765625,891.125,NVIDIA RTX PRO 6000 Blackwell Workstation Edition,GPU-8cfe9244-1717-6a32-51e7-29fa37aa16b7,595.84,100.0,86.0,89444.0,97887.0,508.14,81.0,2820.0,
2026-08-09T02:50:11.258237Z,2.2412109375,1.998046875,2.32763671875,116694.5703125,126455.4765625,891.125,NVIDIA RTX PRO 6000 Blackwell Workstation Edition,GPU-8cfe9244-1717-6a32-51e7-29fa37aa16b7,595.84,100.0,87.0,89444.0,97887.0,473.91,80.0,2827.0,
2026-08-09T02:50:12.274943Z,2.1416015625,1.9814453125,2.3203125,116664.9453125,126455.4765625,891.125,NVIDIA RTX PRO 6000 Blackwell Workstation Edition,GPU-8cfe9244-1717-6a32-51e7-29fa37aa16b7,595.84,100.0,88.0,89444.0,97887.0,497.44,81.0,2820.0,
2026-08-09T02:50:13.299384Z,2.1416015625,1.9814453125,2.3203125,116650.953125,126455.4765625,891.125,NVIDIA RTX PRO 6000 Blackwell Workstation Edition,GPU-8cfe9244-1717-6a32-51e7-29fa37aa16b7,595.84,100.0,87.0,89444.0,97887.0,486.76,81.0,2797.0,
2026-08-09T02:50:14.323284Z,2.1416015625,1.9814453125,2.3203125,116644.0859375,126455.4765625,891.125,NVIDIA RTX PRO 6000 Blackwell Workstation Edition,GPU-8cfe9244-1717-6a32-51e7-29fa37aa16b7,595.84,100.0,87.0,89444.0,97887.0,484.38,81.0,2647.0,
2026-08-09T02:50:15.347025Z,2.1416015625,1.9814453125,2.3203125,116644.27734375,126455.4765625,891.125,NVIDIA RTX PRO 6000 Blackwell Workstation Edition,GPU-8cfe9244-1717-6a32-51e7-29fa37aa16b7,595.84,100.0,85.0,89444.0,97887.0,481.77,81.0,2827.0,
2026-08-09T02:50:16.374057Z,2.1416015625,1.9814453125,2.3203125,116655.0390625,126455.4765625,891.125,NVIDIA RTX PRO 6000 Blackwell Workstation Edition,GPU-8cfe9244-1717-6a32-51e7-29fa37aa16b7,595.84,100.0,88.0,89444.0,97887.0,493.18,81.0,2827.0,
2026-08-09T02:50:17.397235Z,2.0498046875,1.96484375,2.31298828125,116672.13671875,126455.4765625,891.125,NVIDIA RTX PRO 6000 Blackwell Workstation Edition,GPU-8cfe9244-1717-6a32-51e7-29fa37aa16b7,595.84,100.0,87.0,89444.0,97887.0,476.36,81.0,2827.0,
2026-08-09T02:50:18.420936Z,2.0498046875,1.96484375,2.31298828125,116676.74609375,126455.4765625,891.125,NVIDIA RTX PRO 6000 Blackwell Workstation Edition,GPU-8cfe9244-1717-6a32-51e7-29fa37aa16b7,595.84,100.0,86.0,89444.0,97887.0,480.25,81.0,2805.0,
2026-08-09T02:50:19.439345Z,2.0498046875,1.96484375,2.31298828125,116679.1640625,126455.4765625,891.125,NVIDIA RTX PRO 6000 Blackwell Workstation Edition,GPU-8cfe9244-1717-6a32-51e7-29fa37aa16b7,595.84,100.0,88.0,89444.0,97887.0,486.87,81.0,2827.0,
2026-08-09T02:50:20.459187Z,2.0498046875,1.96484375,2.31298828125,116713.5625,126455.4765625,891.12890625,NVIDIA RTX PRO 6000 Blackwell Workstation Edition,GPU-8cfe9244-1717-6a32-51e7-29fa37aa16b7,595.84,100.0,86.0,89444.0,97887.0,510.73,81.0,2820.0,
2026-08-09T02:50:21.484331Z,2.0498046875,1.96484375,2.31298828125,116692.06640625,126455.4765625,891.12890625,NVIDIA RTX PRO 6000 Blackwell Workstation Edition,GPU-8cfe9244-1717-6a32-51e7-29fa37aa16b7,595.84,100.0,88.0,89444.0,97887.0,475.25,81.0,2820.0,
2026-08-09T02:50:22.507818Z,1.96533203125,1.94873046875,2.3056640625,116693.8046875,126455.4765625,891.12890625,NVIDIA RTX PRO 6000 Blackwell Workstation Edition,GPU-8cfe9244-1717-6a32-51e7-29fa37aa16b7,595.84,100.0,82.0,89444.0,97887.0,487.01,82.0,2782.0,
2026-08-09T02:50:23.532849Z,1.96533203125,1.94873046875,2.3056640625,116716.890625,126455.4765625,891.12890625,NVIDIA RTX PRO 6000 Blackwell Workstation Edition,GPU-8cfe9244-1717-6a32-51e7-29fa37aa16b7,595.84,100.0,83.0,89444.0,97887.0,490.94,82.0,2805.0,
2026-08-09T02:50:24.556780Z,1.96533203125,1.94873046875,2.3056640625,116724.3046875,126455.4765625,891.12890625,NVIDIA RTX PRO 6000 Blackwell Workstation Edition,GPU-8cfe9244-1717-6a32-51e7-29fa37aa16b7,595.84,100.0,88.0,89444.0,97887.0,480.45,81.0,2797.0,
2026-08-09T02:50:25.585071Z,1.96533203125,1.94873046875,2.3056640625,116713.28515625,126455.4765625,891.12890625,NVIDIA RTX PRO 6000 Blackwell Workstation Edition,GPU-8cfe9244-1717-6a32-51e7-29fa37aa16b7,595.84,100.0,85.0,89444.0,97887.0,493.41,82.0,2602.0,
2026-08-09T02:50:26.605191Z,1.96533203125,1.94873046875,2.3056640625,116670.72265625,126455.4765625,891.12890625,NVIDIA RTX PRO 6000 Blackwell Workstation Edition,GPU-8cfe9244-1717-6a32-51e7-29fa37aa16b7,595.84,100.0,89.0,89444.0,97887.0,488.55,81.0,2827.0,
2026-08-09T02:50:27.633035Z,1.8876953125,1.9326171875,2.29833984375,116668.60546875,126455.4765625,891.12890625,NVIDIA RTX PRO 6000 Blackwell Workstation Edition,GPU-8cfe9244-1717-6a32-51e7-29fa37aa16b7,595.84,100.0,85.0,89444.0,97887.0,492.33,81.0,2677.0,
2026-08-09T02:50:28.657183Z,1.8876953125,1.9326171875,2.29833984375,116656.5859375,126455.4765625,891.12890625,NVIDIA RTX PRO 6000 Blackwell Workstation Edition,GPU-8cfe9244-1717-6a32-51e7-29fa37aa16b7,595.84,100.0,87.0,89444.0,97887.0,460.3,81.0,2827.0,
2026-08-09T02:50:29.682347Z,1.8876953125,1.9326171875,2.29833984375,116647.3203125,126455.4765625,891.12890625,NVIDIA RTX PRO 6000 Blackwell Workstation Edition,GPU-8cfe9244-1717-6a32-51e7-29fa37aa16b7,595.84,100.0,88.0,89444.0,97887.0,486.97,81.0,2827.0,
2026-08-09T02:50:30.706966Z,1.8876953125,1.9326171875,2.29833984375,116688.9921875,126455.4765625,891.12890625,NVIDIA RTX PRO 6000 Blackwell Workstation Edition,GPU-8cfe9244-1717-6a32-51e7-29fa37aa16b7,595.84,100.0,83.0,89444.0,97887.0,493.18,82.0,2812.0,
2026-08-09T02:50:31.729703Z,1.8876953125,1.9326171875,2.29833984375,116685.40625,126455.4765625,891.12890625,NVIDIA RTX PRO 6000 Blackwell Workstation Edition,GPU-8cfe9244-1717-6a32-51e7-29fa37aa16b7,595.84,100.0,88.0,89444.0,97887.0,493.93,81.0,2820.0,
2026-08-09T02:50:32.753311Z,1.81640625,1.9169921875,2.291015625,116683.81640625,126455.4765625,891.12890625,NVIDIA RTX PRO 6000 Blackwell Workstation Edition,GPU-8cfe9244-1717-6a32-51e7-29fa37aa16b7,595.84,100.0,86.0,89444.0,97887.0,476.09,82.0,2745.0,
2026-08-09T02:50:33.777379Z,1.81640625,1.9169921875,2.291015625,116679.171875,126455.4765625,891.12890625,NVIDIA RTX PRO 6000 Blackwell Workstation Edition,GPU-8cfe9244-1717-6a32-51e7-29fa37aa16b7,595.84,100.0,87.0,89444.0,97887.0,502.7,81.0,2565.0,
2026-08-09T02:50:34.802424Z,1.81640625,1.9169921875,2.291015625,116687.28125,126455.4765625,891.12890625,NVIDIA RTX PRO 6000 Blackwell Workstation Edition,GPU-8cfe9244-1717-6a32-51e7-29fa37aa16b7,595.84,100.0,88.0,89444.0,97887.0,490.46,81.0,2820.0,
2026-08-09T02:50:35.826417Z,1.81640625,1.9169921875,2.291015625,116710.18359375,126455.4765625,891.12890625,NVIDIA RTX PRO 6000 Blackwell Workstation Edition,GPU-8cfe9244-1717-6a32-51e7-29fa37aa16b7,595.84,100.0,86.0,89444.0,97887.0,488.36,81.0,2827.0,
2026-08-09T02:50:36.849990Z,1.81640625,1.9169921875,2.291015625,116709.625,126455.4765625,891.12890625,NVIDIA RTX PRO 6000 Blackwell Workstation Edition,GPU-8cfe9244-1717-6a32-51e7-29fa37aa16b7,595.84,100.0,89.0,89444.0,97887.0,483.21,81.0,2827.0,
2026-08-09T02:50:37.872017Z,1.7509765625,1.9013671875,2.28369140625,116681.37109375,126455.4765625,891.12890625,NVIDIA RTX PRO 6000 Blackwell Workstation Edition,GPU-8cfe9244-1717-6a32-51e7-29fa37aa16b7,595.84,100.0,80.0,89444.0,97887.0,447.24,80.0,2827.0,
